score,service_code,program_element_pe,serial_number,activity_date,facility_name,grade,service_description,employee_id,facility_address,facility_city,facility_id,facility_state,facility_zip,owner_id,owner_name,pe_description,program_name,program_status,record_id
93,1,1638,DAQHRSETQ,2017-06-08 00:00:00,MARGARITAS CAFE,A,ROUTINE INSPECTION,EE0000006,5026 S CRENSHAW BLVD,LOS ANGELES,FA0023656,CA,90043,OW0004133,"BAZAN, ASCENCION",RESTAURANT (61-150) SEATS HIGH RISK,MARGARITAS CAFE,ACTIVE,PR0011718
97,1,1632,DA2GQRJOS,2017-03-07 00:00:00,LAS MOLENDERAS,A,ROUTINE INSPECTION,EE0000997,2635 WHITTIER BLVD,LOS ANGELES,FA0160416,CA,90023,OW0125379,MARISOL FEREGRINO,RESTAURANT (0-30) SEATS HIGH RISK,LAS MOLENDERAS,INACTIVE,PR0148504
93,1,1631,DAMQTA46T,2016-03-22 00:00:00,SANDRA'S TAMALES,A,ROUTINE INSPECTION,EE0001049,5390 WHITTIER BLVD,LOS ANGELES,FA0171769,CA,90022-4032,OW0178828,SANDRA'S TAMALES INC.,RESTAURANT (0-30) SEATS MODERATE RISK,SANDRA'S TAMALES,ACTIVE,PR0164225
97,1,1638,DAXMBTIRZ,2018-02-12 00:00:00,CAFE GRATITUDE,A,ROUTINE INSPECTION,EE0000828,639 N LARCHMONT BLVD STE #102,LOS ANGELES,FA0058921,CA,90004,OW0005704,CAFE GRATITUDE LARCHMONT LLC,RESTAURANT (61-150) SEATS HIGH RISK,CAFE GRATITUDE,ACTIVE,PR0019854
90,1,1638,DAK8TBMS0,2015-09-10 00:00:00,THE WAFFLE,A,ROUTINE INSPECTION,EE0000709,6255 W SUNSET BLVD STE #105,LOS ANGELES,FA0051830,CA,90028,OW0035796,"THE WAFFLE, LLC",RESTAURANT (61-150) SEATS HIGH RISK,THE WAFFLE,ACTIVE,PR0010922
94,1,1635,DAQZAULOI,2017-10-11 00:00:00,INTI PERUVIAN RESTAURANT,A,ROUTINE INSPECTION,EE0000828,5870 MELROSE AVE # #105,LOS ANGELES,FA0030334,CA,90038,OW0023369,MARIN & MARTINEZ GROUP CORP.,RESTAURANT (31-60) SEATS HIGH RISK,INTI PERUVIAN RESTAURANT,INACTIVE,PR0043182
95,1,1641,DAD0XX0IG,2017-07-14 00:00:00,WOLFGANG PUCK EXPRESS,A,ROUTINE INSPECTION,EE0000117,308 WESTWOOD PLZ # 1390L,LOS ANGELES,FA0138414,CA,90024,OW0101772,UCLAWP LLC,RESTAURANT (151 + ) SEATS HIGH RISK,WOLFGANG PUCK EXPRESS,ACTIVE,PR0122727
94,1,1631,DAAHVVCMT,2016-11-02 00:00:00,IN N OUT DAILY MARKET,A,ROUTINE INSPECTION,EE0000740,5048 HUNTINGTON DR S,LOS ANGELES,FA0175610,CA,90032,OW0182143,EMME LAN P. DIEU,RESTAURANT (0-30) SEATS MODERATE RISK,IN N OUT DAILY MARKET,ACTIVE,PR0168775
99,1,1610,DAH840R2I,2016-06-30 00:00:00,CHOI'S MARKET,A,ROUTINE INSPECTION,EE0000740,1828 N BROADWAY,LOS ANGELES,FA0160457,CA,90031,OW0125421,YOUNG YOON,"FOOD MKT RETAIL (25-1,999 SF) LOW RISK",CHOI'S MARKET,ACTIVE,PR0148548
98,1,1610,DAXJPOD1H,2017-01-04 00:00:00,LENTO MARKET LLC,A,ROUTINE INSPECTION,EE0000360,1288 W SUNSET BLVD,LOS ANGELES,FA0239946,CA,90026,OW0236134,LENTO MARKET LLC,"FOOD MKT RETAIL (25-1,999 SF) LOW RISK",LENTO MARKET LLC,ACTIVE,PR0187951
90,1,1632,DAMHFWY2G,2016-04-05 00:00:00,SOPITA RAMEN,A,ROUTINE INSPECTION,EE0000884,3087 W PICO BLVD STE 9,LOS ANGELES,FA0167850,CA,90006,OW0130819,KIBOMI INC,RESTAURANT (0-30) SEATS HIGH RISK,SOPITA RAMEN,ACTIVE,PR0158271
91,1,1612,DA0919122,2017-08-10 00:00:00,PRINCIPIO MERCADO Y CARNICERIA,A,ROUTINE INSPECTION,EE0000721,2630 MAPLE AVE,LOS ANGELES,FA0172138,CA,90011,OW0179186,CARLOS MIGUEL GONZALEZ,"FOOD MKT RETAIL (25-1,999 SF) HIGH RISK",PRINCIPIO MERCADO Y CARNICERIA,ACTIVE,PR0164655
94,1,1635,DAX2ZPD4B,2018-03-08 00:00:00,EL POLLO LOCO #3301,A,ROUTINE INSPECTION,EE0001048,1833 S LA CIENEGA BLVD,LOS ANGELES,FA0021252,CA,90035,OW0028128,"PEG/LION, LLC",RESTAURANT (31-60) SEATS HIGH RISK,EL POLLO LOCO #3301,ACTIVE,PR0029282
91,1,1632,DAUOR00BP,2015-12-16 00:00:00,MARISCOS SAN MIGUEL ARCANGEL,A,ROUTINE INSPECTION,EE0000721,2614 S MAPLE AVE,LOS ANGELES,FA0136736,CA,90011-1432,OW0099393,"PONCE, JUAN CARLOS",RESTAURANT (0-30) SEATS HIGH RISK,MARISCOS SAN MIGUEL ARCANGEL,ACTIVE,PR0119954
91,1,1632,DALUB7708,2017-11-06 00:00:00,PLAYA DORA,A,ROUTINE INSPECTION,EE0000729,10522 S VERMONT AVE,LOS ANGELES,FA0178503,CA,90044,OW0184237,NIDIA L ALDANA,RESTAURANT (0-30) SEATS HIGH RISK,PLAYA DORA,ACTIVE,PR0171943
98,1,1638,DAGPKIQAN,2017-02-14 00:00:00,PLAN CHECK,A,ROUTINE INSPECTION,EE0000721,1111 WILSHIRE BLVD,LOS ANGELES,FA0164576,CA,90017,OW0127912,PLAN CHECK DOWNTOWN III LLC,RESTAURANT (61-150) SEATS HIGH RISK,PLAN CHECK,ACTIVE,PR0152855
100,1,1631,DAE9A7CVY,2016-07-01 00:00:00,LOCALI,A,ROUTINE INSPECTION,EE0000894,701 LINCOLN BLVD,LOS ANGELES,FA0159783,CA,90291,OW0124783,BE MY GUEST INC,RESTAURANT (0-30) SEATS MODERATE RISK,LOCALI,ACTIVE,PR0147848
96,1,1631,DA3XQJLEH,2017-06-06 00:00:00,KIM HUNG BAKERY,A,ROUTINE INSPECTION,EE0000740,959 N BROADWAY,LOS ANGELES,FA0020047,CA,90012,OW0037257,"VAN QUANG, NAM",RESTAURANT (0-30) SEATS MODERATE RISK,KIM HUNG BAKERY,ACTIVE,PR0001097
93,1,1613,DAC0N7TC7,2017-01-12 00:00:00,VINCENTE FOODS-MARKET,A,ROUTINE INSPECTION,EE0000727,12027 SAN VICENTE BLVD,LOS ANGELES,FA0039887,CA,90049,OW0001712,"ADAMS,ESTHER&LAZAR BERNAHARD","FOOD MKT RETAIL (2,000+ SF) LOW RISK",VINCENTE FOODS-MARKET,ACTIVE,PR0015454
97,1,1638,DA990YCAE,2016-12-06 00:00:00,GWEN,A,ROUTINE INSPECTION,EE0000822,6600 SUNSET BLVD,LOS ANGELES,FA0225449,CA,90028-7160,OW0229713,"9 STONES, LLC",RESTAURANT (61-150) SEATS HIGH RISK,GWEN,ACTIVE,PR0180771
98,1,1631,DAVGGBQNJ,2017-01-19 00:00:00,OAXACALIFORNIA,A,ROUTINE INSPECTION,EE0000707,3655 S GRAND AVE STE C-8,LOS ANGELES,FA0042299,CA,90007,OW0002812,"ANTONIO, JUAN",RESTAURANT (0-30) SEATS MODERATE RISK,OAXACALIFORNIA,ACTIVE,PR0031684
96,1,1631,DA0N7AWN0,2016-09-21 00:00:00,MICHELLE'S DONUT HOUSE,A,ROUTINE INSPECTION,EE0000798,3783 S WESTERN AVE,LOS ANGELES,FA0039310,CA,90018,OW0032004,SCOTT VICHETH KHEM,RESTAURANT (0-30) SEATS MODERATE RISK,MICHELLE'S DONUT HOUSE,INACTIVE,PR0031269
95,1,1612,DA2M0ZPRD,2017-01-24 00:00:00,LA PRINCESITA MARKET,A,ROUTINE INSPECTION,EE0000997,2426 E 4TH ST,LOS ANGELES,FA0065292,CA,90063,OW0029496,RAMIREZ FRANCISCO,"FOOD MKT RETAIL (25-1,999 SF) HIGH RISK",LA PRINCESITA MARKET,INACTIVE,PR0027280
90,1,1631,DAIFCWL0I,2016-03-23 00:00:00,EL SABROSO,A,ROUTINE INSPECTION,EE0000557,501 N BRANNICK AVE,LOS ANGELES,FA0061598,CA,90063,OW0013584,"GOMEZ, ELIGIO",RESTAURANT (0-30) SEATS MODERATE RISK,EL SABROSO,ACTIVE,PR0022052
96,1,1635,DAQPM7CQK,2016-05-26 00:00:00,ONO HAWAIIAN BBQ,A,ROUTINE INSPECTION,EE0000853,5550 WILSHIRE BLVD STE 101C,LOS ANGELES,FA0067962,CA,90036,OW0020257,"L.A. SUNSET, LLC",RESTAURANT (31-60) SEATS HIGH RISK,ONO HAWAIIAN BBQ,ACTIVE,PR0045111
95,1,1612,DAQPMMVK2,2017-07-25 00:00:00,FOOD 4 LESS #766,A,ROUTINE INSPECTION,EE0000923,5100 N FIGUEROA ST,LOS ANGELES,FA0023433,CA,90042,OW0012108,"FOOD 4 LESS, INC.","FOOD MKT RETAIL (25-1,999 SF) HIGH RISK",FOOD 4 LESS #766 - MEAT DEPT,ACTIVE,PR0032487
95,1,1638,DAZLJWCPK,2018-01-16 00:00:00,CAFE SEOUL NANDARANG,A,ROUTINE INSPECTION,EE0000869,3815 W 6TH ST,LOS ANGELES,FA0006953,CA,90020,OW0016238,HONG EUN CHONG INC,RESTAURANT (61-150) SEATS HIGH RISK,CAFE SEOUL NANDARANG,ACTIVE,PR0020642
93,1,1637,DACACY9JC,2016-06-08 00:00:00,FRATERNAL ORDER OF EAGLES,A,ROUTINE INSPECTION,EE0000953,13018 W WASHINGTON BLVD,LOS ANGELES,FA0001155,CA,90066,OW0012318,FRATERNAL ORDER OF EAGLES,RESTAURANT (61-150) SEATS MODERATE RISK,FRATERNAL ORDER OF EAGLES,ACTIVE,PR0025338
98,1,1634,DAOHLT1WF,2017-08-17 00:00:00,ADMIRALS CLUB,A,ROUTINE INSPECTION,EE0000122,400 WORLD WAY,LOS ANGELES,FA0004930,CA,90045,OW0125020,"AMERICAN AIRLINES, INC.",RESTAURANT (31-60) SEATS MODERATE RISK,ADMIRALS CLUB BUSINESS KITCHEN,ACTIVE,PR0024054
93,1,1631,DA8DAT5G0,2017-12-08 00:00:00,SALLY'S SNACK SHOP,A,ROUTINE INSPECTION,EE0000721,228 W 6TH ST,LOS ANGELES,FA0046716,CA,90014,OW0023330,"MARGOSSIAN, KARMEN",RESTAURANT (0-30) SEATS MODERATE RISK,SALLY'S SNACK SHOP,ACTIVE,PR0037435
86,1,1634,DAKIPC9UB,2016-06-16 00:00:00,LA PETITE BOULANGERIE,B,ROUTINE INSPECTION,EE0000721,330 S HOPE ST,LOS ANGELES,FA0180531,CA,90071,OW0185889,MARCO INVESTMENT CORP.,RESTAURANT (31-60) SEATS MODERATE RISK,LA PETITE BOULANGERIE,INACTIVE,PR0174307
90,1,1631,DAGDXJ32I,2015-09-14 00:00:00,TROPICANA JUICE BAR & DELI,A,ROUTINE INSPECTION,EE0000923,5202 MONTE VISTA ST,LOS ANGELES,FA0033725,CA,90042,OW0020496,LA TROPICANA MARKET INC.,RESTAURANT (0-30) SEATS MODERATE RISK,LA TROPOCANA JUICE BAR/DELI,ACTIVE,PR0048308
98,1,1631,DAMSHMCC7,2016-01-27 00:00:00,B SWEET DESSERT BAR,A,ROUTINE INSPECTION,EE0000684,2005 S SAWTELLE BLVD,LOS ANGELES,FA0160908,CA,90025-6229,OW0125842,B SWEET LLC,RESTAURANT (0-30) SEATS MODERATE RISK,B SWEET DESSERT BAR,ACTIVE,PR0149002
80,1,1635,DADTCJC3M,2016-12-06 00:00:00,CHA CHA CHILI,B,ROUTINE INSPECTION,EE0000740,4625 E VALLEY BLVD,LOS ANGELES,FA0008243,CA,90032,OW0006829,CHA GAVIN,RESTAURANT (31-60) SEATS HIGH RISK,CHA CHA CHILI,ACTIVE,PR0038243
93,1,1610,DACE12KGP,2016-05-04 00:00:00,NORTHGATE MARKETS #38,A,ROUTINE INSPECTION,EE0001025,944 E SLAUSON AVE,LOS ANGELES,FA0167720,CA,90011,OW0026268,NORTHGATE GONZALEZ LLC,"FOOD MKT RETAIL (25-1,999 SF) LOW RISK",NORTHGATE MARKETS #38 (TORTILLERIA),ACTIVE,PR0158101
93,1,1638,DAPJIWLWW,2017-04-19 00:00:00,SPARE TIRE,A,ROUTINE INSPECTION,EE0000853,5368 WILSHIRE BLVD,LOS ANGELES,FA0012783,CA,90036,OW0035707,THE RED MILE INC,RESTAURANT (61-150) SEATS HIGH RISK,SPARE TIRE,ACTIVE,PR0016180
91,1,1635,DASJSBQ00,2017-02-02 00:00:00,CJ COFFEE SHOP,A,ROUTINE INSPECTION,EE0000871,5501 W PICO BLVD,LOS ANGELES,FA0015649,CA,90019,OW0008176,"CISNEROS, JESSICA",RESTAURANT (31-60) SEATS HIGH RISK,CJ COFFEE SHOP,ACTIVE,PR0009705
95,1,1632,DAVPOIW1N,2016-12-09 00:00:00,OLEEGO,A,ROUTINE INSPECTION,EE0000360,639 N BROADWAY # G,LOS ANGELES,FA0178307,CA,90012,OW0184081,PARK'S BBQ EXPRESS INC.,RESTAURANT (0-30) SEATS HIGH RISK,OLEEGO,ACTIVE,PR0171430
93,1,1632,DABMGDIKN,2015-07-06 00:00:00,MAGEE'S KITCHEN,A,ROUTINE INSPECTION,EE0000468,6333 3RD ST,LOS ANGELES,FA0001320,CA,90036,OW0022850,"MAGEE,S B AND P H ET AL",RESTAURANT (0-30) SEATS HIGH RISK,MAGEE'S KITCHEN,ACTIVE,PR0004406
95,1,1637,DA5EN4LEK,2017-04-10 00:00:00,JACK IN THE BOX #3377,A,ROUTINE INSPECTION,EE0000723,1906 S CRENSHAW BLVD,LOS ANGELES,FA0064110,CA,90016,OW0017276,"JACK IN THE BOX, INC",RESTAURANT (61-150) SEATS MODERATE RISK,JACK IN THE BOX #3377,ACTIVE,PR0042638
92,1,1615,DAH08SUQB,2016-01-13 00:00:00,CARNITAS URUAPAN - MARKET & BAKERY,A,ROUTINE INSPECTION,EE0000740,2102 E CESAR E CHAVEZ AVE,LOS ANGELES,FA0158671,CA,90033,OW0123723,THE DRAWDE TOWER CORPORATION,"FOOD MKT RETAIL (2,000+ SF) HIGH RISK",CARNITAS URUAPAN MARKET AND BAKERY,INACTIVE,PR0146749
95,1,1633,DAB7P1MJS,2017-03-29 00:00:00,NUEVO JALISCO BAR,A,ROUTINE INSPECTION,EE0000721,245 S MAIN ST,LOS ANGELES,FA0067736,CA,90012,OW0012742,GARCIA MARIA J,RESTAURANT (31-60) SEATS LOW RISK,NUEVO JALISCO BAR,ACTIVE,PR0039140
91,1,1635,DAESGBIPX,2017-04-20 00:00:00,TACO HOUSE,A,ROUTINE INSPECTION,EE0000721,340 S HILL ST,LOS ANGELES,FA0050831,CA,90013,OW0025036,"MORALES, JORGE MARIO",RESTAURANT (31-60) SEATS HIGH RISK,TACO HOUSE,ACTIVE,PR0028543
94,1,1632,DAJMARFHH,2017-05-25 00:00:00,TACOS EL UNICO,A,ROUTINE INSPECTION,EE0000594,1375 W ADAMS BLVD,LOS ANGELES,FA0050333,CA,90007,OW0037050,V&E RESTAURANTS INC,RESTAURANT (0-30) SEATS HIGH RISK,TACOS EL UNICO,ACTIVE,PR0036953
95,1,1638,DALI1WJOE,2018-03-01 00:00:00,EDENDALE,A,ROUTINE INSPECTION,EE0000923,2838 ROWENA AVE,LOS ANGELES,FA0020151,CA,90039,OW0018812,"KEY OF E, INC.",RESTAURANT (61-150) SEATS HIGH RISK,EDENDALE,ACTIVE,PR0011927
91,1,1638,DAOGM0MYM,2016-01-08 00:00:00,MARIE CALLENDER'S RESTAURANT,A,ROUTINE INSPECTION,EE0000144,11324 NATIONAL BLVD,LOS ANGELES,FA0066403,CA,90064,OW0008964,COX-KALMBACH ENTERPRISES INC,RESTAURANT (61-150) SEATS HIGH RISK,MARIE CALLENDER RESTAURANT,ACTIVE,PR0004524
90,1,1635,DAUUSBADM,2017-05-18 00:00:00,WA SSADA ON DAL JAPANESE RES,A,ROUTINE INSPECTION,EE0000722,377 N WESTERN AVE,LOS ANGELES,FA0054071,CA,90004,OW0026778,ON DAL JAPANESE REST INC,RESTAURANT (31-60) SEATS HIGH RISK,WA SSADA ON DAL JAPANESE RES,ACTIVE,PR0001720
92,1,1635,DATF8L9OX,2015-11-03 00:00:00,EVO KITCHEN,A,ROUTINE INSPECTION,EE0000838,7950 W SUNSET BLVD STE 104,LOS ANGELES,FA0022433,CA,90046,OW0018637,KCM CAPITAL LLC,RESTAURANT (31-60) SEATS HIGH RISK,EVO KITCHEN,ACTIVE,PR0039131
92,1,1632,DAG0IZ1XU,2017-02-28 00:00:00,GUISADOS,A,ROUTINE INSPECTION,EE0000740,2100 E CESAR E CHAVEZ AVE,LOS ANGELES,FA0027210,CA,90033,OW0009565,"DE LA TORRE, ARMANDO DANIEL",RESTAURANT (0-30) SEATS HIGH RISK,GUISADOS,ACTIVE,PR0021598
93,1,1611,DAM04QH0M,2017-12-15 00:00:00,FLORES DISCOUNT MARKET,A,ROUTINE INSPECTION,EE0000691,7922 S CENTRAL AVE,LOS ANGELES,FA0013817,CA,90001,OW0012043,"FLORES, ELPIDIO","FOOD MKT RETAIL (25-1,999 SF) MODERATE RISK",FLORES DISCOUNT MARKET,ACTIVE,PR0007247
90,1,1613,DA3QCCHQ0,2017-07-24 00:00:00,7-ELEVEN #18821-B,A,ROUTINE INSPECTION,EE0000338,11075 OLYMPIC BLVD,LOS ANGELES,FA0172337,CA,90064,OW0179367,STEVEN KYUIN SHIM,"FOOD MKT RETAIL (2,000+ SF) LOW RISK",7-ELEVEN #18821-B,ACTIVE,PR0164882
99,1,1630,DA0DV2BTI,2016-07-20 00:00:00,CONCERT HALL CAFE,A,ROUTINE INSPECTION,EE0000721,111 S GRAND AVE # #950,LOS ANGELES,FA0060206,CA,90012,OW0035686,THE PATINA GROUP NEWCO LLC,RESTAURANT (0-30) SEATS LOW RISK,CONCERT LOBBY BAR LEVEL 3,ACTIVE,PR0028415
90,1,1632,DA0KUBBF6,2015-08-13 00:00:00,ANTOJITOS LISETH,A,ROUTINE INSPECTION,EE0000699,3324 W 6TH ST STE E1,LOS ANGELES,FA0006875,CA,90020,OW0010254,"DOMINGUEZ, ELIZABETH",RESTAURANT (0-30) SEATS HIGH RISK,ANTOJITOS LISETH,INACTIVE,PR0030175
93,1,1631,DAO2EELKI,2015-12-01 00:00:00,KELLY'S COFFEE,A,ROUTINE INSPECTION,EE0001004,5701 S EASTERN AVE,LOS ANGELES,FA0031879,CA,90040,OW0005302,BRITUL CORPORATION,RESTAURANT (0-30) SEATS MODERATE RISK,KELLY'S COFFEE,ACTIVE,PR0033431
92,1,1612,DA1FRI7RD,2016-03-31 00:00:00,RALPHS MARKET #759,A,ROUTINE INSPECTION,EE0000911,10861 WEYBURN AVE,LOS ANGELES,FA0045717,CA,90024,OW0029458,RALPHS GROCERY COMPANY,"FOOD MKT RETAIL (25-1,999 SF) HIGH RISK",MEAT MARKET,ACTIVE,PR0004729
96,1,1639,DANAIYCBV,2016-06-23 00:00:00,THE OPRHEUM THEATRE,A,ROUTINE INSPECTION,EE0000721,842 S BROADWAY,LOS ANGELES,FA0072400,CA,90014,OW0002770,ANJAC FASHION BLDGS,RESTAURANT (151 + ) SEATS LOW RISK,THE OPRHEUM THEATER,ACTIVE,PR0035104
95,1,1632,DAL5OI5DB,2016-07-26 00:00:00,JONS MARKET,A,ROUTINE INSPECTION,EE0000912,5311 SANTA MONICA BLVD,LOS ANGELES,FA0019185,CA,90029,OW0004431,BERBERIAN ENTERPRISES,RESTAURANT (0-30) SEATS HIGH RISK,JON'S SERVICE DELI,ACTIVE,PR0013277
97,1,1612,DA0ADUWM0,2018-03-02 00:00:00,SAN MARCOS TORTILLERIA,A,ROUTINE INSPECTION,EE0000255,1929 E 1ST ST,LOS ANGELES,FA0143498,CA,90033-3412,OW0106596,"GARCIA,GREGORIO ALBARADO","FOOD MKT RETAIL (25-1,999 SF) HIGH RISK",SAN MARCOS TORTILLERIA,ACTIVE,PR0126952
94,1,1631,DAKYQHFDV,2016-08-09 00:00:00,MIKE'S DELI #2,A,ROUTINE INSPECTION,EE0001058,238 E 1ST ST,LOS ANGELES,FA0066945,CA,90012,OW0024459,MIKE'S DELI INC.,RESTAURANT (0-30) SEATS MODERATE RISK,MIKE'S DELI #2,INACTIVE,PR0030530
97,1,1632,DACARECO0,2016-11-07 00:00:00,"KIM'S MANNA FISH & CHIP, INC",A,ROUTINE INSPECTION,EE0000195,10707 S AVALON BLVD,LOS ANGELES,FA0163503,CA,90061-2521,OW0127107,"KIM'S MANNA FISH & CHIP, INC",RESTAURANT (0-30) SEATS HIGH RISK,KIM'S MANNA FISH & CHIPS,ACTIVE,PR0151726
99,1,1641,DACAHD6VE,2017-12-27 00:00:00,RENAISSANCE 96TH STREET BISTRO,A,ROUTINE INSPECTION,EE0000955,9620 AIRPORT BLVD,LOS ANGELES,FA0046199,CA,90045,OW0039321,WSRH LAX AIRPORT LLC,RESTAURANT (151 + ) SEATS HIGH RISK,RENAISSANCE BANQUET,ACTIVE,PR0025069
99,1,1610,DA9LVNQKG,2016-02-24 00:00:00,EMMANUEL MINI MARKET,A,ROUTINE INSPECTION,EE0001026,4433 S ALAMEDA ST # B-14,LOS ANGELES,FA0203204,CA,90058-2008,OW0208422,ANTONIA M RIOS GUZMAN,"FOOD MKT RETAIL (25-1,999 SF) LOW RISK",EMMANUEL MINI MARKET,ACTIVE,PR0175547
97,1,1631,DACT0IRRJ,2017-11-18 00:00:00,DAILY DONUT,A,ROUTINE INSPECTION,EE0001073,8524 SAN PEDRO ST,LOS ANGELES,FA0160834,CA,90003,OW0125772,HANG DY YEK,RESTAURANT (0-30) SEATS MODERATE RISK,DAILY DONUT,ACTIVE,PR0148920
90,1,1630,DA5KYXXZ8,2016-03-22 00:00:00,ORIENTAL HEALTH SOUP,A,ROUTINE INSPECTION,EE0001003,4319 W 2ND ST,LOS ANGELES,FA0042646,CA,90004,OW0003878,"BANG, TYAE S",RESTAURANT (0-30) SEATS LOW RISK,ORIENTAL HEALTH SOUP,ACTIVE,PR0008161
91,1,1638,DAKLDXKJD,2017-08-29 00:00:00,KIM CHUY RESTAURANT,A,ROUTINE INSPECTION,EE0000360,727 N BROADWAY STE 103,LOS ANGELES,FA0064798,CA,90012,OW0006903,"CHALIM,VOUCH ENG",RESTAURANT (61-150) SEATS HIGH RISK,KIM CHUY RESTAURANT,ACTIVE,PR0004286
95,1,1635,DAIHM2FDV,2016-04-21 00:00:00,CHIPOTLE MEXICAN GRILL,A,ROUTINE INSPECTION,EE0000468,8420 BEVERLY BLVD,LOS ANGELES,FA0222394,CA,90048-3402,OW0007608,"CHIPOTLE MEXICAN GRILL, INC.",RESTAURANT (31-60) SEATS HIGH RISK,CHIPOTLE MEXICAN GRILL,ACTIVE,PR0177398
91,1,1632,DA328EV7T,2017-06-13 00:00:00,NOODLES TIME,A,ROUTINE INSPECTION,EE0000360,211 ALPINE ST # 7A,LOS ANGELES,FA0240105,CA,90012-4296,OW0236266,PREECHA THUAKTHAO,RESTAURANT (0-30) SEATS HIGH RISK,NOODLES TIME,ACTIVE,PR0188111
95,1,1610,DA3V3TL12,2017-02-16 00:00:00,LUCKY STATION,A,ROUTINE INSPECTION,EE0000721,444 S FLOWER ST STE 130,LOS ANGELES,FA0023055,CA,90071,OW0032633,SHIN SHALLY C.,"FOOD MKT RETAIL (25-1,999 SF) LOW RISK",LUCKY STATION,ACTIVE,PR0016063
96,1,1630,DANBPCSWD,2016-01-12 00:00:00,THE COFFEE BEAN & TEA LEAF,A,ROUTINE INSPECTION,EE0000874,3726 S FIGUEROA ST,LOS ANGELES,FA0060046,CA,90007,OW0017025,INTERNATIONAL COFFEE & TEA LLC,RESTAURANT (0-30) SEATS LOW RISK,COFFEE BEAN & TEA LEAF,ACTIVE,PR0031631
92,1,1612,DAJLYARZS,2015-08-05 00:00:00,OASISTKOS,A,ROUTINE INSPECTION,EE0000006,2201 W 54TH ST,LOS ANGELES,FA0164863,CA,90043,OW0128172,FERNANDO HERNANDEZ,"FOOD MKT RETAIL (25-1,999 SF) HIGH RISK",OASISTKOS,ACTIVE,PR0153146
95,1,1641,DA17GGGZA,2015-10-15 00:00:00,LA CONVENTION CENTER,A,ROUTINE INSPECTION,EE0000633,1201 S FIGUEROA ST,LOS ANGELES,FA0156500,CA,90015,OW0121804,LEVY PREMIUM FOOD SERVICE LP,RESTAURANT (151 + ) SEATS HIGH RISK,LA CONVENTION CENTER GALAXY RESTAURANT - LACC,ACTIVE,PR0143275
96,1,1610,DA1FS3GZU,2017-09-06 00:00:00,OCEAN GROCERY MARKET,A,ROUTINE INSPECTION,EE0000997,2632 E CESAR E CHAVEZ AVE,LOS ANGELES,FA0245518,CA,90033-3006,OW0240557,GAZI SINCERE SERVICE LLC,"FOOD MKT RETAIL (25-1,999 SF) LOW RISK",OCEAN GROCERY MARKET,ACTIVE,PR0193880
90,1,1631,DAH9FUPBP,2017-01-31 00:00:00,NISSI BAKERY,A,ROUTINE INSPECTION,EE0001006,1900 BEVERLY BLVD # A,LOS ANGELES,FA0166417,CA,90057,OW0129565,PEDRO MARCELINO,RESTAURANT (0-30) SEATS MODERATE RISK,NISSI BAKERY,INACTIVE,PR0156731
94,1,1610,DAZQG8ANX,2017-06-02 00:00:00,AMIGOS,A,ROUTINE INSPECTION,EE0000923,5611 N FIGUEROA ST STE 3,LOS ANGELES,FA0245828,CA,90042,OW0240809,MOHAMMED ALI,"FOOD MKT RETAIL (25-1,999 SF) LOW RISK",AMIGOS,ACTIVE,PR0194209
96,1,1632,DA0U3GJSU,2017-10-30 00:00:00,EXCELLENT THAI CAFE,A,ROUTINE INSPECTION,EE0000721,1220 W 7TH ST,LOS ANGELES,FA0226209,CA,90017,OW0230377,PRAMOCH MUNGLAD,RESTAURANT (0-30) SEATS HIGH RISK,EXCELLENT THAI CAFE,ACTIVE,PR0181529
75,1,1638,DAERHLUYY,2015-07-28 00:00:00,GUI IL BUNJI,C,ROUTINE INSPECTION,EE0000946,3055 W 7TH ST STE C,LOS ANGELES,FA0016000,CA,90006,OW0025575,"NAM, KWANG B",RESTAURANT (61-150) SEATS HIGH RISK,GUI IL BUNJI,INACTIVE,PR0006335
100,1,1610,DAWXW7YJO,2017-03-28 00:00:00,LORENA PHARMACY,A,ROUTINE INSPECTION,EE0000997,3400 WHITTIER BLVD,LOS ANGELES,FA0022418,CA,90023,OW0003837,"BALL,DUDLEY & DONALD & ROGER","FOOD MKT RETAIL (25-1,999 SF) LOW RISK",LORENA PHARMACY,ACTIVE,PR0030547
92,1,1612,DAEQKPKDU,2016-05-31 00:00:00,LAGUNA MARKET - MEAT DEPT.,A,ROUTINE INSPECTION,EE0001006,2125 W 6TH ST,LOS ANGELES,FA0035200,CA,90057,OW0020331,LA CEIBA INC.,"FOOD MKT RETAIL (25-1,999 SF) HIGH RISK",LAGUNA MARKET - MEAT DEPT.,ACTIVE,PR0031377
92,1,1635,DAPQN3ROT,2017-06-27 00:00:00,SWEETGREEN,A,ROUTINE INSPECTION,EE0000727,11677 SAN VICENTE BLVD,LOS ANGELES,FA0244058,CA,90049,OW0180844,"SWEET GREEN LA, LLC",RESTAURANT (31-60) SEATS HIGH RISK,SWEETGREEN,ACTIVE,PR0192324
85,1,1635,DA6RA0YMJ,2015-11-04 00:00:00,SIMPLE,B,ROUTINE INSPECTION,EE0000531,3208 W 8TH ST,LOS ANGELES,FA0048564,CA,90005,OW0017622,"JIA ZEN, INC.",RESTAURANT (31-60) SEATS HIGH RISK,SIMPLE,ACTIVE,PR0006446
93,1,1641,DATX8GDUU,2017-08-30 00:00:00,BYBLOS,A,ROUTINE INSPECTION,EE0000924,1964 WESTWOOD BLVD STE #100,LOS ANGELES,FA0011492,CA,90025,OW0039141,WONDER NIGHT LLC,RESTAURANT (151 + ) SEATS HIGH RISK,BYBLOS,ACTIVE,PR0031038
94,1,1631,DAAX12HOH,2017-08-22 00:00:00,ALL ABOUT THE BREAD,A,ROUTINE INSPECTION,EE0000951,7111 MELROSE AVE # C,LOS ANGELES,FA0003321,CA,90046,OW0001179,7111 MELROSE LLC,RESTAURANT (0-30) SEATS MODERATE RISK,ALL ABOUT THE BREAD,ACTIVE,PR0011336
95,1,1612,DAWK232NF,2016-02-16 00:00:00,SANCHEZ MEAT MARKET,A,ROUTINE INSPECTION,EE0000707,4128 S WALL ST,LOS ANGELES,FA0046971,CA,90011,OW0031515,SANCHEZ MEAT MARKET INC,"FOOD MKT RETAIL (25-1,999 SF) HIGH RISK",SANCHEZ MEAT MARKET,ACTIVE,PR0002365
98,1,1638,DAKR2XV9T,2018-03-29 00:00:00,BACO MERCAT,A,ROUTINE INSPECTION,EE0000721,408 S MAIN ST,LOS ANGELES,FA0007784,CA,90013,OW0022942,"MAIN 168 PARTNERS, LP",RESTAURANT (61-150) SEATS HIGH RISK,BACO MERCAT,ACTIVE,PR0038916
99,1,1610,DABOFIKQL,2016-06-27 00:00:00,ALI HASAN,A,ROUTINE INSPECTION,EE0000162,623 N AVENUE 64,LOS ANGELES,FA0003310,CA,90042,OW0011039,ELWIR MOHAMMED,"FOOD MKT RETAIL (25-1,999 SF) LOW RISK",ALI HASAN,ACTIVE,PR0015120
90,1,1632,DATMU9FXO,2017-05-04 00:00:00,JINSOL GUKBAP,A,ROUTINE INSPECTION,EE0001003,4253 W 3RD ST,LOS ANGELES,FA0177785,CA,90020,OW0183683,JH HANGARI INC,RESTAURANT (0-30) SEATS HIGH RISK,JINSOL GUKBAP,ACTIVE,PR0170849
94,1,1632,DA4UUF8P0,2017-03-15 00:00:00,ORLEANS ANS YORKS FINE DELI,A,ROUTINE INSPECTION,EE0000006,4454 W SLAUSON AVE,LOS ANGELES,FA0027196,CA,90043,OW0027020,OTAMAN SAMI,RESTAURANT (0-30) SEATS HIGH RISK,ORLEANS ANS YORKS FINE DELI,ACTIVE,PR0006109
93,1,1631,DAQT9YISM,2018-03-28 00:00:00,LA ESPERANZA BAKERY,A,ROUTINE INSPECTION,EE0001073,252 W FLORENCE AVE,LOS ANGELES,FA0020653,CA,90003,OW0003284,ASTORGA - NEVAREZ JOSE S.,RESTAURANT (0-30) SEATS MODERATE RISK,LA ESPERANZA BAKERY,ACTIVE,PR0037558
97,1,1641,DAJVVJESN,2016-12-16 00:00:00,OLYMPIC COLLECTION BUFFET,A,ROUTINE INSPECTION,EE0000338,11301 W OLYMPIC BLVD STE 204,LOS ANGELES,FA0043137,CA,90064,OW0026741,OLYMPIC COLLECTION INC,RESTAURANT (151 + ) SEATS HIGH RISK,OLYMPIC COLLECTION BUFFET,ACTIVE,PR0013726
90,1,1638,DAX3GONFD,2018-03-19 00:00:00,YEN SUSHI & SAKE BAR,A,ROUTINE INSPECTION,EE0000727,9618 W PICO BLVD STE 509,LOS ANGELES,FA0055665,CA,90035,OW0023835,"MAYC CENTURY, INC.",RESTAURANT (61-150) SEATS HIGH RISK,YEN SUSHI & SAKE BAR,ACTIVE,PR0040520
90,1,1641,DATERW8EJ,2015-12-11 00:00:00,STK/BAGATELLE,A,ROUTINE INSPECTION,EE0000957,755 N LA CIENEGA BLVD,LOS ANGELES,FA0049644,CA,90069,OW0005262,"BRIDGE HOSPITALITY, LLC",RESTAURANT (151 + ) SEATS HIGH RISK,STK/BAGATELLE,INACTIVE,PR0044195
80,1,1631,DA43D5RLO,2017-01-09 00:00:00,HOLLYWOOD ROCK CAFE,B,ROUTINE INSPECTION,EE0000822,6511 HOLLYWOOD BLVD,LOS ANGELES,FA0164076,CA,90028,OW0127540,HOLLYWOOD ROCK CAFE LLC,RESTAURANT (0-30) SEATS MODERATE RISK,HOLLYWOOD ROCK CAFE,INACTIVE,PR0152338
95,1,1634,DATKE9ZEY,2016-01-19 00:00:00,MR BOBA,A,ROUTINE INSPECTION,EE0000869,3805 W 6TH ST,LOS ANGELES,FA0179880,CA,90020,OW0185360,MR BOBA INC,RESTAURANT (31-60) SEATS MODERATE RISK,MR BOBA,INACTIVE,PR0173547
90,1,1638,DATEZSINU,2015-09-08 00:00:00,RICKS DRIVE IN & OUT,A,ROUTINE INSPECTION,EE0000923,2400 FLETCHER DR,LOS ANGELES,FA0069539,CA,90039,OW0024399,"MICHAELS, JOHN",RESTAURANT (61-150) SEATS HIGH RISK,RICKS DRIVE IN & OUT,ACTIVE,PR0022418
92,1,1634,DAADMT6C3,2017-12-27 00:00:00,DONUT FACTORY,A,ROUTINE INSPECTION,EE0000923,2225 N SAN FERNANDO RD,LOS ANGELES,FA0061048,CA,90065,OW0016254,HONG LINA LIM,RESTAURANT (31-60) SEATS MODERATE RISK,DONUT FACTORY,ACTIVE,PR0022711
97,1,1635,DAUPHED5G,2016-10-20 00:00:00,CUSTOM HOTEL,A,ROUTINE INSPECTION,EE0000733,8639 LINCOLN BLVD,LOS ANGELES,FA0159215,CA,90045,OW0124236,"RAR, INC",RESTAURANT (31-60) SEATS HIGH RISK,CUSTOM HOTEL-HANGAR 39,ACTIVE,PR0147277
75,1,1641,DAK5HU1GT,2015-07-23 00:00:00,OO KOOK KOREAN BBQ STORAGE,C,ROUTINE INSPECTION,EE0000854,3385 W 8TH ST,LOS ANGELES,FA0067969,CA,90005,OW0026815,"OO KOOK BBQ, INC",RESTAURANT (151 + ) SEATS HIGH RISK,OO KOOK KOREAN BBQ,ACTIVE,PR0018794
90,1,1632,DAH8HMB04,2017-03-13 00:00:00,RESTAURANT AFSHAN CLASSIS,A,ROUTINE INSPECTION,EE0000721,106 W 9TH ST,LOS ANGELES,FA0045658,CA,90015,OW0003200,"ASHENA, FARAHNAZ",RESTAURANT (0-30) SEATS HIGH RISK,RESTAURANT AFSHAN CLASSIS,ACTIVE,PR0038120
93,1,1610,DAWXV9PUE,2017-01-17 00:00:00,MARCE MINI MART,A,ROUTINE INSPECTION,EE0000729,10032 S HOOVER ST,LOS ANGELES,FA0225472,CA,90044,OW0229734,ROSA I BELTRAN,"FOOD MKT RETAIL (25-1,999 SF) LOW RISK",MARCE MINI MART,ACTIVE,PR0180794
93,1,1638,DAFRCSFQN,2016-05-09 00:00:00,SHAKEYS PIZZA PARLOR #1,A,ROUTINE INSPECTION,EE0000822,7001 SANTA MONICA BLVD,LOS ANGELES,FA0070339,CA,90038,OW0031994,"SCO, LLC SHAKEY'S PIZZA",RESTAURANT (61-150) SEATS HIGH RISK,SHAKEYS PIZZA PARLOR #1,ACTIVE,PR0017786
94,401,1635,DA6ZGNHC0,2016-08-12 00:00:00,PACE,A,OWNER INITIATED ROUTINE INSPECT.,EE0000822,2100 LAUREL CANYON BLVD,LOS ANGELES,FA0043420,CA,90046,OW0031645,SANDRO CORPORATION,RESTAURANT (31-60) SEATS HIGH RISK,PACE,ACTIVE,PR0003721
92,1,1610,DA9CRBQZQ,2017-01-10 00:00:00,OK MARKET,A,ROUTINE INSPECTION,EE0000740,627 N MOTT ST,LOS ANGELES,FA0026986,CA,90033,OW0037461,"VELASCO, CAMILO","FOOD MKT RETAIL (25-1,999 SF) LOW RISK",OK MARKET,ACTIVE,PR0005087
96,1,1634,DAZQ44ZHY,2016-02-19 00:00:00,STIR CRAZY COFFEE HOUSE,A,ROUTINE INSPECTION,EE0000951,6903 MELROSE AVE,LOS ANGELES,FA0049638,CA,90038,OW0036580,"TRUCCO, DEAN A",RESTAURANT (31-60) SEATS MODERATE RISK,STIR CRAZY COFFEE HOUSE,ACTIVE,PR0028019
96,1,1612,DASZVY0TV,2015-08-05 00:00:00,KIKKA @ WHOLE FOODS WESTWOOD,A,ROUTINE INSPECTION,EE0000911,1050 GAYLEY AVE,LOS ANGELES,FA0032299,CA,90024,OW0017151,"ITO, INC.","FOOD MKT RETAIL (25-1,999 SF) HIGH RISK",KIKKA-WHOLE FOODS MARKET #27,ACTIVE,PR0037739
91,1,1631,DAJGKJUKE,2016-06-07 00:00:00,YUM YUM DONUTS #9235 STORAGE,A,ROUTINE INSPECTION,EE0000828,700 N VINE ST,LOS ANGELES,FA0041814,CA,90038,OW0023350,MARIA P. MANRIQUEZ-CHAVEZ,RESTAURANT (0-30) SEATS MODERATE RISK,YUM YUM DONUTS FRANCHISE,ACTIVE,PR0021423
96,1,1630,DAFV3G1PQ,2018-01-23 00:00:00,BLOCK PARTY,A,ROUTINE INSPECTION,EE0000162,5052 YORK BLVD,LOS ANGELES,FA0176891,CA,90042,OW0182885,"BLOCK PARTY HIGHLAND PARK, LLC",RESTAURANT (0-30) SEATS LOW RISK,BLOCK PARTY,ACTIVE,PR0169813
98,1,1634,DAAZEJORN,2015-11-06 00:00:00,FIX COFFEE,A,ROUTINE INSPECTION,EE0000923,2100 ECHO PARK AVE,LOS ANGELES,FA0062112,CA,90026,OW0011918,FIX COFFEE LLC,RESTAURANT (31-60) SEATS MODERATE RISK,FIX COFFEE,INACTIVE,PR0016777
95,1,1611,DA0QV6K25,2015-10-02 00:00:00,CHEVRON 55944,A,ROUTINE INSPECTION,EE0000629,11951 W OLYMPIC BLVD,LOS ANGELES,FA0059613,CA,90064,OW0028894,"POULDAR, BOURIS","FOOD MKT RETAIL (25-1,999 SF) MODERATE RISK",CHEVRON 55944,ACTIVE,PR0042579
90,1,1638,DA6QEYADY,2017-07-28 00:00:00,MAMA HONG'S VIETNAMESE KITCHEN,A,ROUTINE INSPECTION,EE0000727,11819 WILSHIRE BLVD STE 106B,LOS ANGELES,FA0163108,CA,90025,OW0126778,"MAMA'S BOYS RESTAURANTS, INC.",RESTAURANT (61-150) SEATS HIGH RISK,MAMA HONG'S VIETNAMESE KITCHEN,ACTIVE,PR0151283
90,1,1632,DAL9QKQYF,2016-08-10 00:00:00,POPEYE DUMPLING AND NOODLES,A,ROUTINE INSPECTION,EE0000531,709 S VERMONT AVE,LOS ANGELES,FA0139085,CA,90005,OW0102345,"CCC GALBI, INC",RESTAURANT (0-30) SEATS HIGH RISK,POPEYE DUMPLING AND NOODLES,INACTIVE,PR0123466
87,1,1632,DA6TFCWEK,2017-03-15 00:00:00,LOUIS JUNIOR,B,ROUTINE INSPECTION,EE0001073,601 E CENTURY BLVD,LOS ANGELES,FA0022896,CA,90002,OW0022327,LOUIS JR. INC.,RESTAURANT (0-30) SEATS HIGH RISK,LOUIS JUNIOR,INACTIVE,PR0040285
97,1,1611,DAHTD877P,2016-05-18 00:00:00,EDIBLE ARRANGEMENTS - 250,A,ROUTINE INSPECTION,EE0000951,8453 BEVERLY BLVD,LOS ANGELES,FA0202831,CA,90048,OW0180446,CHOUDHRY EMPIRE INC,"FOOD MKT RETAIL (25-1,999 SF) MODERATE RISK",EDIBLE ARRANGEMENTS - 250,ACTIVE,PR0175122
97,1,1630,DAZTVYQPB,2017-11-03 00:00:00,CINEMARK,A,ROUTINE INSPECTION,EE0000955,6081 CENTER DR STE 201,LOS ANGELES,FA0036978,CA,90045,OW0099810,"CINEMARK USA, INC.",RESTAURANT (0-30) SEATS LOW RISK,CINEMARK UPPER SATELLITE CONCESSION,ACTIVE,PR0014171
88,1,1634,DAQPWOHIA,2016-01-14 00:00:00,TACO BELL,B,ROUTINE INSPECTION,EE0000911,10937 WEYBURN AVE,LOS ANGELES,FA0050188,CA,90024,OW0027154,PACIFIC COAST TACO INC,RESTAURANT (31-60) SEATS MODERATE RISK,TACO BELL,ACTIVE,PR0003738
90,1,1615,DAGCWWLN2,2017-12-04 00:00:00,SUPERIOR GROCERS #113,A,ROUTINE INSPECTION,EE0000557,3600 E CESAR E CHAVEZ AVE,LOS ANGELES,FA0049848,CA,90063,OW0034460,"SUPER CENTER CONCEPTS, INC","FOOD MKT RETAIL (2,000+ SF) HIGH RISK",SUPERIOR GROCERS #113 MEAT,ACTIVE,PR0017004
94,1,1635,DAUOA7RWS,2017-07-20 00:00:00,THE CARVING BOARD,A,ROUTINE INSPECTION,EE0000144,11676 GATEWAY BLVD,LOS ANGELES,FA0167867,CA,90064,OW0035493,THE CARVING BOARD LLC,RESTAURANT (31-60) SEATS HIGH RISK,THE CARVING BOARD,ACTIVE,PR0158288
93,1,1631,DAAYPPOQI,2017-04-12 00:00:00,EL RANCHON,A,ROUTINE INSPECTION,EE0000800,3564 S NORMANDIE AVE,LOS ANGELES,FA0021439,CA,90007,OW0031774,"SANTOS, ALEJANDRO",RESTAURANT (0-30) SEATS MODERATE RISK,EL RANCHON,ACTIVE,PR0029155
96,1,1612,DASLXGID0,2018-02-16 00:00:00,STONE BAKERY/MARKET,A,ROUTINE INSPECTION,EE0000729,6700 S CRENSHAW BLVD,LOS ANGELES,FA0049647,CA,90043,OW0033240,"SMITH, ASTON","FOOD MKT RETAIL (25-1,999 SF) HIGH RISK",STONE BAKERY/MARKET,ACTIVE,PR0010701
93,1,1631,DAN0CTZJH,2017-06-26 00:00:00,GREEN HOUSE,A,ROUTINE INSPECTION,EE0000740,1100 S SAN PEDRO ST # N1,LOS ANGELES,FA0026662,CA,90015,OW0019245,"KIM, EUN H",RESTAURANT (0-30) SEATS MODERATE RISK,GREEN HOUSE,ACTIVE,PR0034617
91,1,1632,DAZKVQGKL,2017-09-20 00:00:00,LUPE'S LUNCH ROOM RESTAURANT,A,ROUTINE INSPECTION,EE0000366,1198 MIRASOL ST,LOS ANGELES,FA0037636,CA,90023,OW0040166,"ZARGOZA, JULIAN ET AL",RESTAURANT (0-30) SEATS HIGH RISK,LUPE'S LUNCH ROOM RESTAURANT,ACTIVE,PR0021476
97,1,1637,DAMPH24VE,2016-07-06 00:00:00,SKY BAR,A,ROUTINE INSPECTION,EE0000721,545 S FIGUEROA ST,LOS ANGELES,FA0033346,CA,90071,OW0008390,"CLUB,JONATHAN",RESTAURANT (61-150) SEATS MODERATE RISK,SKY BAR,ACTIVE,PR0018990
97,1,1631,DAGIAY0DK,2015-10-06 00:00:00,USC GALEN CENTER,A,ROUTINE INSPECTION,EE0000122,3400 S FIGUEROA ST,LOS ANGELES,FA0024368,CA,90089,OW0002904,ARAMARK HIGHER EDUCATION,RESTAURANT (0-30) SEATS MODERATE RISK,GALEN CENTER FOUNDERS CLUB,ACTIVE,PR0018095
98,1,1631,DAIP7J6BV,2015-09-24 00:00:00,DODGER STADIUM,A,ROUTINE INSPECTION,EE0000122,1000 VIN SCULLY AVE,LOS ANGELES,FA0019271,CA,90012,OW0021606,LEVY PREMIUM FOOD SERVICE LP,RESTAURANT (0-30) SEATS MODERATE RISK,#751 DODGER DOG TRADITIONAL,ACTIVE,PR0001290
96,1,1635,DAWLWMGBW,2017-01-18 00:00:00,PAT & LORRAINEIS COFFEE SHOP,A,ROUTINE INSPECTION,EE0000746,4720 EAGLE ROCK BLVD,LOS ANGELES,FA0044045,CA,90041,OW0030528,"RODRIGUEZ, JUAN",RESTAURANT (31-60) SEATS HIGH RISK,PAT & LORRAINEIS COFFEE SHOP,ACTIVE,PR0027299
94,1,1638,DADBV07N5,2015-08-28 00:00:00,THE VEGGIE GRILL,A,ROUTINE INSPECTION,EE0000709,6374 W SUNSET BLVD STE #A,LOS ANGELES,FA0037704,CA,90028,OW0035777,"THE VEGGIE GRILL, INC.",RESTAURANT (61-150) SEATS HIGH RISK,THE VEGGIE GRILL,ACTIVE,PR0038769
80,1,1638,DAZFLQM7T,2017-11-28 00:00:00,TRIPLE 8 RESTAURANT,B,ROUTINE INSPECTION,EE0000122,800 W OLYMPIC BLVD # 120,LOS ANGELES,FA0174143,CA,90015,OW0180848,TRIPLE 8 REST. LLC,RESTAURANT (61-150) SEATS HIGH RISK,TRIPLE 8 RESTAURANT,ACTIVE,PR0167012
94,1,1610,DA0LT7D8E,2017-02-02 00:00:00,CHUY'S MARKET,A,ROUTINE INSPECTION,EE0000557,4145 E MICHIGAN AVE,LOS ANGELES,FA0163483,CA,90063,OW0022124,LOPEZ JESUS ARCEO,"FOOD MKT RETAIL (25-1,999 SF) LOW RISK",CHUY'S MARKET,ACTIVE,PR0151701
95,1,1635,DAZQUN6EQ,2016-01-29 00:00:00,WATTS COFFEE HOUSE,A,ROUTINE INSPECTION,EE0000195,1827 E 103RD ST,LOS ANGELES,FA0040463,CA,90002,OW0038506,"WATTS HEALTH SYSTEMS, INC.",RESTAURANT (31-60) SEATS HIGH RISK,WATTS COFFEE HOUSE,ACTIVE,PR0026040
92,1,1641,DAZYQ72LW,2017-08-30 00:00:00,DENNY'S RESTAURANT #2125,A,ROUTINE INSPECTION,EE0000923,3060 N SAN FERNANDO RD,LOS ANGELES,FA0060791,CA,90065,OW0009769,DENNY'S INC,RESTAURANT (151 + ) SEATS HIGH RISK,DENNY'S RESTAURANT #2125,ACTIVE,PR0037296
90,1,1634,DATQQ0QA0,2016-08-10 00:00:00,TRIMANA,A,ROUTINE INSPECTION,EE0000375,1900 AVENUE OF THE STARS STE A100,LOS ANGELES,FA0177415,CA,90067,OW0183342,MARTIN CHO,RESTAURANT (31-60) SEATS MODERATE RISK,TRIMANA,ACTIVE,PR0170410
98,1,1637,DAYPKQLK2,2016-10-18 00:00:00,IN-N-OUT BURGER #119,A,ROUTINE INSPECTION,EE0000911,922 GAYLEY AVE,LOS ANGELES,FA0017989,CA,90024,OW0016998,"IN-N-OUT BURGERS, INC.",RESTAURANT (61-150) SEATS MODERATE RISK,IN N OUT BURGER #119,ACTIVE,PR0029696
97,1,1612,DA0KP420J,2016-03-22 00:00:00,MCCALL'S MEAT & FISH CO,A,ROUTINE INSPECTION,EE0000846,2117 HILLHURST AVE,LOS ANGELES,FA0038316,CA,90027,OW0020671,"L'AMI RESTAURANT, LLC","FOOD MKT RETAIL (25-1,999 SF) HIGH RISK",MCCALL'S MEAT & FISH CO,ACTIVE,PR0027097
92,1,1612,DA3MTF1Q2,2016-03-21 00:00:00,SSCM MARKET,A,ROUTINE INSPECTION,EE0000799,6021 COMPTON AVE,LOS ANGELES,FA0177194,CA,90001,OW0183152,MARITZA QUADALUPE MEJIA,"FOOD MKT RETAIL (25-1,999 SF) HIGH RISK",SSCM MARKET,ACTIVE,PR0170157
90,1,1635,DAEF6HXMZ,2017-06-27 00:00:00,CAVA MEZZE GRILL,A,ROUTINE INSPECTION,EE0000911,1073 BROXTON AVE,LOS ANGELES,FA0245691,CA,90024,OW0239351,CAVA MEZZE GRILL LLC,RESTAURANT (31-60) SEATS HIGH RISK,CAVA MEZZE GRILL,ACTIVE,PR0194063
98,1,1635,DANTDIERN,2016-02-12 00:00:00,DON PEDRO'S PALENQUE,A,ROUTINE INSPECTION,EE0000740,4501 HUNTINGTON DR N,LOS ANGELES,FA0157974,CA,90032,OW0123080,ROSA PENTERIA,RESTAURANT (31-60) SEATS HIGH RISK,DON PEDRO'S PALENQUE,ACTIVE,PR0146070
93,1,1632,DAZIN5FQ6,2017-04-13 00:00:00,IMPERIAL CHOPSTICKS,A,ROUTINE INSPECTION,EE0000846,1549 N VERMONT AVE,LOS ANGELES,FA0242612,CA,90027,OW0238202,IMPERIAL CHOPSTICKS,RESTAURANT (0-30) SEATS HIGH RISK,IMPERIAL CHOPSTICKS,ACTIVE,PR0190804
96,1,1632,DADGFIOOS,2018-02-02 00:00:00,PAILIN THAI CUISINE,A,ROUTINE INSPECTION,EE0000857,5621 HOLLYWOOD BLVD,LOS ANGELES,FA0043473,CA,90028,OW0023444,"MARKKERN, CHIRAWAT",RESTAURANT (0-30) SEATS HIGH RISK,PAILIN THAI CUISINE,ACTIVE,PR0001644
98,1,1610,DAVVK5VMT,2017-01-24 00:00:00,FLORENCE GAS MART INC,A,ROUTINE INSPECTION,EE0001025,303 W FLORENCE AVE,LOS ANGELES,FA0174643,CA,90003,OW0181284,FLORENCE GAS MART INC,"FOOD MKT RETAIL (25-1,999 SF) LOW RISK",FLORENCE GAS MART INC,ACTIVE,PR0167672
92,1,1635,DAXZFDA7H,2016-01-12 00:00:00,LITTLE ETHIOPIA RESTAURANT,A,ROUTINE INSPECTION,EE0000853,1048 S FAIRFAX AVE,LOS ANGELES,FA0022252,CA,90019,OW0036638,TSEDAL NOEL INC,RESTAURANT (31-60) SEATS HIGH RISK,LITTLE ETHIOPIA RESTAURANT,ACTIVE,PR0025086
96,1,1641,DADXYKFDG,2016-05-17 00:00:00,WOLFGANG PUCK EXPRESS,A,ROUTINE INSPECTION,EE0000117,308 WESTWOOD PLZ # 1390L,LOS ANGELES,FA0138414,CA,90024,OW0101772,UCLAWP LLC,RESTAURANT (151 + ) SEATS HIGH RISK,WOLFGANG PUCK EXPRESS,ACTIVE,PR0122727
94,1,1634,DAOLSATVU,2016-05-14 00:00:00,YOSHINOYA #1219,A,ROUTINE INSPECTION,EE0000884,642 S ALVARADO ST,LOS ANGELES,FA0055756,CA,90057,OW0101581,"YOSHINOYA AMERICA, INC.",RESTAURANT (31-60) SEATS MODERATE RISK,YOSHINOYA BEEF BOWL,ACTIVE,PR0028245
92,1,1612,DATBVL4LF,2016-07-01 00:00:00,CANTER'S DELI,A,ROUTINE INSPECTION,EE0000951,419 N FAIRFAX AVE,LOS ANGELES,FA0059112,CA,90036,OW0006057,CANTERS INC,"FOOD MKT RETAIL (25-1,999 SF) HIGH RISK",CANTER'S DELI,ACTIVE,PR0044261
96,1,1632,DARBXBOQJ,2016-05-27 00:00:00,FLAME BROILER TRBK #80,A,ROUTINE INSPECTION,EE0000733,8730 1/4 S SEPULVEDA BLVD,LOS ANGELES,FA0023270,CA,90045,OW0036921,UNITED VJ INC.,RESTAURANT (0-30) SEATS HIGH RISK,FLAME BROILER TRBK #80,ACTIVE,PR0002002
92,1,1632,DAAO1CPVT,2016-09-08 00:00:00,ICHIBAN OF TOKYO,A,ROUTINE INSPECTION,EE0001058,201 N LOS ANGELES ST STE 106,LOS ANGELES,FA0063821,CA,90012,OW0019494,"KIM, SUSAN JONGSUN",RESTAURANT (0-30) SEATS HIGH RISK,ICHIBAN OF TOKYO,ACTIVE,PR0015815
90,401,1641,DA21EKKC5,2015-10-30 00:00:00,HOTEL SOFITEL L A RESTAURANT,A,OWNER INITIATED ROUTINE INSPECT.,EE0000957,8555 W BEVERLY BLVD,LOS ANGELES,FA0063714,CA,90048,OW0022271,LOS ANGELES MAISON INC,RESTAURANT (151 + ) SEATS HIGH RISK,HOTEL SOFITEL L A RESTAURANT,ACTIVE,PR0010977
99,1,1631,DAO8YGAGY,2016-09-06 00:00:00,USC GALEN CENTER,A,ROUTINE INSPECTION,EE0000122,3400 S FIGUEROA ST,LOS ANGELES,FA0024368,CA,90089,OW0002904,ARAMARK HIGHER EDUCATION,RESTAURANT (0-30) SEATS MODERATE RISK,GALEN CENTER-EVENT GRILL,ACTIVE,PR0026107
98,1,1610,DAVPD2WXO,2016-02-09 00:00:00,DEL REY LIQUOR,A,ROUTINE INSPECTION,EE0001064,8503 S VERMONT AVE,LOS ANGELES,FA0167157,CA,90044-3425,OW0100369,GIFTII SHIFERAW JATE,"FOOD MKT RETAIL (25-1,999 SF) LOW RISK",DEL REY LIQUOR,ACTIVE,PR0157507
91,1,1631,DABMRGAUM,2016-05-16 00:00:00,TACOS EL UNICO,A,ROUTINE INSPECTION,EE0000729,6650 S CRENSHAW BLVD,LOS ANGELES,FA0036147,CA,90018,OW0031601,"SANCHEZ, MANUEL E",RESTAURANT (0-30) SEATS MODERATE RISK,TACOS EL UNICO,ACTIVE,PR0009197
97,1,1632,DA00ATT2D,2016-10-06 00:00:00,FIVE STAR CHINESE FOOD,A,ROUTINE INSPECTION,EE0000740,2706 N BROADWAY,LOS ANGELES,FA0062108,CA,90031,OW0007348,CHEN YANZHEN,RESTAURANT (0-30) SEATS HIGH RISK,FIVE STAR CHINESE FOOD,ACTIVE,PR0012755
97,1,1641,DAZVZSMH3,2017-10-30 00:00:00,SOUPLANTATION,A,ROUTINE INSPECTION,EE0000727,11911 SAN VICENTE BLVD STE 116,LOS ANGELES,FA0245109,CA,90049,OW0240226,"GARDEN FRESH RESTAURANTS, LLC",RESTAURANT (151 + ) SEATS HIGH RISK,SOUPLANTATION,ACTIVE,PR0193485
93,1,1632,DA7XYDTWV,2017-09-26 00:00:00,LUPE'S TACO STAND,A,ROUTINE INSPECTION,EE0001049,4642 E 3RD ST,LOS ANGELES,FA0037638,CA,90022,OW0006269,"CARRILLO, JOHN ANTHONY",RESTAURANT (0-30) SEATS HIGH RISK,LUPE'S TACO STAND,ACTIVE,PR0035581
95,1,1632,DAHZWAM9W,2015-12-01 00:00:00,EL RINCON DE LAS DELICIAS,A,ROUTINE INSPECTION,EE0001025,5810 S NORMANDIE AVE STE #1B,LOS ANGELES,FA0012633,CA,90044,OW0026880,"ORELLANA, MARIA SALOME",RESTAURANT (0-30) SEATS HIGH RISK,EL RINCON DE LAS DELICIAS,INACTIVE,PR0000117
91,1,1632,DAM6G6UTH,2016-05-31 00:00:00,CARNICERIA LA OAXAQUENA,A,ROUTINE INSPECTION,EE0000854,3701 W PICO BLVD,LOS ANGELES,FA0013280,CA,90019,OW0006224,"CARNICERIA LA OAXAQUENA, INC",RESTAURANT (0-30) SEATS HIGH RISK,CARNICERIA LA OAXAQUENA,ACTIVE,PR0021738
94,1,1610,DA04JN3OX,2016-11-18 00:00:00,FRANKLIN 76,A,ROUTINE INSPECTION,EE0000697,6051 FRANKLIN AVE,LOS ANGELES,FA0062291,CA,90028,OW0039975,YRT INC,"FOOD MKT RETAIL (25-1,999 SF) LOW RISK",FRANKLIN 76,ACTIVE,PR0038909
99,1,1610,DA0861139,2017-05-26 00:00:00,99 CENTS ONLY STORE #0375,A,ROUTINE INSPECTION,EE0000955,6921 LA TIJERA BLVD,LOS ANGELES,FA0138249,CA,90045,OW0001414,"99 CENT ONLY STORES, LLC","FOOD MKT RETAIL (25-1,999 SF) LOW RISK",99 CENTS ONLY STORES #0375,ACTIVE,PR0122526
91,1,1631,DAMRDIXCE,2016-02-25 00:00:00,MOJO,A,ROUTINE INSPECTION,EE0000951,8051 BEVERLY BLVD,LOS ANGELES,FA0138412,CA,90048,OW0101770,"JOHNSON & SHADLE, LLC.",RESTAURANT (0-30) SEATS MODERATE RISK,MOJO,ACTIVE,PR0122725
94,1,1641,DABFMFDH3,2017-05-10 00:00:00,TAVERN,A,ROUTINE INSPECTION,EE0000727,11648 SAN VICENTE BLVD,LOS ANGELES,FA0036590,CA,90049,OW0034151,"SUCAR, INC.",RESTAURANT (151 + ) SEATS HIGH RISK,TAVERN,ACTIVE,PR0015696
90,1,1632,DA0FNTTNN,2016-01-25 00:00:00,DON LENCHO,A,ROUTINE INSPECTION,EE0000729,6119 S NORMANDIE AVE,LOS ANGELES,FA0019520,CA,90044,OW0006623,"CEBALLOS, PAULA",RESTAURANT (0-30) SEATS HIGH RISK,DON LENCHO,ACTIVE,PR0015178
92,1,1635,DABSCQM5B,2015-09-15 00:00:00,PHORAGE,A,ROUTINE INSPECTION,EE0000015,3300 OVERLAND AVE STE 105,LOS ANGELES,FA0068050,CA,90034,OW0100101,"CHEUNG, PERRY",RESTAURANT (31-60) SEATS HIGH RISK,,ACTIVE,PR0048044
97,1,1612,DANYAXWN1,2016-02-12 00:00:00,HARRIS MARKET,A,ROUTINE INSPECTION,EE0000195,10624 JUNIPER ST,LOS ANGELES,FA0027836,CA,90002,OW0032589,"SHIELDS, BEVERLY L","FOOD MKT RETAIL (25-1,999 SF) HIGH RISK",HARRIS MARKET,INACTIVE,PR0035788
93,1,1641,DAJKOQTOO,2016-05-11 00:00:00,WESTIN LAKEVIEW BISTRO,A,ROUTINE INSPECTION,EE0000721,404 S FIGUEROA ST LBBY LOBBY,LOS ANGELES,FA0073897,CA,90071,OW0016394,HOTEL BONAVENTURE LTD PARTNE,RESTAURANT (151 + ) SEATS HIGH RISK,WESTIN LAKEVIEW BISTRO,ACTIVE,PR0022795
93,1,1630,DASJI4LUR,2017-12-29 00:00:00,STREET CHURROS,A,ROUTINE INSPECTION,EE0000835,6801 HOLLYWOOD BLVD # 253,LOS ANGELES,FA0224109,CA,90028,OW0228670,"STREETCHURROS, INC",RESTAURANT (0-30) SEATS LOW RISK,STREET CHURROS,ACTIVE,PR0179282
91,1,1630,DAN8ZCKX0,2016-12-01 00:00:00,STREET CHURROS,A,ROUTINE INSPECTION,EE0000835,6801 HOLLYWOOD BLVD # 253,LOS ANGELES,FA0224109,CA,90028,OW0228670,"STREETCHURROS, INC",RESTAURANT (0-30) SEATS LOW RISK,STREET CHURROS,ACTIVE,PR0179282
94,1,1630,DAMRHB5OS,2016-06-16 00:00:00,STREET CHURROS,A,ROUTINE INSPECTION,EE0000835,6801 HOLLYWOOD BLVD # 253,LOS ANGELES,FA0224109,CA,90028,OW0228670,"STREETCHURROS, INC",RESTAURANT (0-30) SEATS LOW RISK,STREET CHURROS,ACTIVE,PR0179282
95,1,1631,DAJ00E07B,2017-12-29 00:00:00,HABITAT COFFEE SHOP,A,ROUTINE INSPECTION,EE0000923,3708 N EAGLE ROCK BLVD,LOS ANGELES,FA0170465,CA,90065,OW0178123,GLASSELL COFFEE SHOP LLC,RESTAURANT (0-30) SEATS MODERATE RISK,HABITAT COFFEE SHOP,ACTIVE,PR0160774
90,1,1633,DAA0AJ0WC,2016-07-12 00:00:00,STARBUCKS COFFEE,A,ROUTINE INSPECTION,EE0000633,300 WORLD WAY,LOS ANGELES,FA0049341,CA,90045,OW0016382,HOST INTERNATIONAL INC,RESTAURANT (31-60) SEATS LOW RISK,STARBUCKS COFFEE,INACTIVE,PR0007377
98,1,1631,DA0UEVGFC,2017-05-09 00:00:00,HABITAT COFFEE SHOP,A,ROUTINE INSPECTION,EE0000923,3708 N EAGLE ROCK BLVD,LOS ANGELES,FA0170465,CA,90065,OW0178123,GLASSELL COFFEE SHOP LLC,RESTAURANT (0-30) SEATS MODERATE RISK,HABITAT COFFEE SHOP,ACTIVE,PR0160774
95,1,1631,DAPBHJLLF,2016-07-05 00:00:00,HABITAT COFFEE SHOP,A,ROUTINE INSPECTION,EE0000923,3708 N EAGLE ROCK BLVD,LOS ANGELES,FA0170465,CA,90065,OW0178123,GLASSELL COFFEE SHOP LLC,RESTAURANT (0-30) SEATS MODERATE RISK,HABITAT COFFEE SHOP,ACTIVE,PR0160774
95,1,1631,DACSKA8GC,2016-03-22 00:00:00,HABITAT COFFEE SHOP,A,ROUTINE INSPECTION,EE0000923,3708 N EAGLE ROCK BLVD,LOS ANGELES,FA0170465,CA,90065,OW0178123,GLASSELL COFFEE SHOP LLC,RESTAURANT (0-30) SEATS MODERATE RISK,HABITAT COFFEE SHOP,ACTIVE,PR0160774
97,1,1631,DAWPRXR8D,2016-01-11 00:00:00,HABITAT COFFEE SHOP,A,ROUTINE INSPECTION,EE0000923,3708 N EAGLE ROCK BLVD,LOS ANGELES,FA0170465,CA,90065,OW0178123,GLASSELL COFFEE SHOP LLC,RESTAURANT (0-30) SEATS MODERATE RISK,HABITAT COFFEE SHOP,ACTIVE,PR0160774
99,1,1610,DAYDBCC06,2017-02-01 00:00:00,GUATEMALTECA BAKERY,A,ROUTINE INSPECTION,EE0001003,4032 BEVERLY BLVD,LOS ANGELES,FA0171210,CA,90004,OW0130817,DANNY'S BAKERY INC,"FOOD MKT RETAIL (25-1,999 SF) LOW RISK",GUATEMALTECA BAKERY,ACTIVE,PR0161058
97,1,1610,DAUPRAYTL,2016-02-02 00:00:00,GUATEMALTECA BAKERY,A,ROUTINE INSPECTION,EE0001003,4032 BEVERLY BLVD,LOS ANGELES,FA0171210,CA,90004,OW0130817,DANNY'S BAKERY INC,"FOOD MKT RETAIL (25-1,999 SF) LOW RISK",GUATEMALTECA BAKERY,ACTIVE,PR0161058
100,1,1630,DAQOADCKZ,2016-01-06 00:00:00,BIBIGO-REMOTE STORAGE,A,ROUTINE INSPECTION,EE0000375,10250 SANTA MONICA BLVD SECIO,LOS ANGELES,FA0009488,CA,90067,OW0008289,CJ BAKERY INC.,RESTAURANT (0-30) SEATS LOW RISK,BIBIGO-REMOTE STORAGE,INACTIVE,PR0032144
99,1,1610,DABOL45AK,2018-03-02 00:00:00,GUATEMALTECA BAKERY,A,ROUTINE INSPECTION,EE0001003,4032 BEVERLY BLVD,LOS ANGELES,FA0171210,CA,90004,OW0130817,DANNY'S BAKERY INC,"FOOD MKT RETAIL (25-1,999 SF) LOW RISK",GUATEMALTECA BAKERY,ACTIVE,PR0161058
88,1,1615,DAIFC4FA9,2016-03-15 00:00:00,ISLAND PACIFIC SUPERMARKET,B,ROUTINE INSPECTION,EE0000893,627 N VERMONT AVE,LOS ANGELES,FA0030371,CA,90004,OW0017118,ISLAND PACIFIC ENTERPRISES,"FOOD MKT RETAIL (2,000+ SF) HIGH RISK",ISLAND PACIFIC SUPERMARKET,ACTIVE,PR0006907
85,1,1615,DATT3BKHN,2016-04-18 00:00:00,LATINO MARKET,B,ROUTINE INSPECTION,EE0000884,2168 VENICE BLVD,LOS ANGELES,FA0035449,CA,90006,OW0010077,"DIMAS, JUAN MARTINEZ","FOOD MKT RETAIL (2,000+ SF) HIGH RISK",LATINO MARKET,ACTIVE,PR0012291
92,401,1635,DAPRCSTBQ,2018-02-07 00:00:00,PICK-UP STIX,A,OWNER INITIATED ROUTINE INSPECT.,EE0000633,200 WORLD WAY T236,LOS ANGELES,FA0174394,CA,90045,OW0009036,"CREWS OF CALIFORNIA, INC",RESTAURANT (31-60) SEATS HIGH RISK,PICK-UP STIX,ACTIVE,PR0167293
95,1,1632,DAHSKDI2K,2016-01-20 00:00:00,FOOD AND BOUNTY,A,ROUTINE INSPECTION,EE0000122,400 WORLD WAY,LOS ANGELES,FA0165596,CA,90045,OW0016382,HOST INTERNATIONAL INC,RESTAURANT (0-30) SEATS HIGH RISK,FOOD AND BOUNTY,ACTIVE,PR0153924
83,401,1641,DA9H2YS24,2016-01-08 00:00:00,LITTLE SAN SALVADOR REST,B,OWNER INITIATED ROUTINE INSPECT.,EE0000912,901 N WESTERN AVE STE #3,LOS ANGELES,FA0035366,CA,90029,OW0024423,MICROSELF INC. ANA RAMOS PRE,RESTAURANT (151 + ) SEATS HIGH RISK,LITTLE SAN SALVADOR REST,ACTIVE,PR0035020
72,1,1634,DA0NJNGFD,2017-08-04 00:00:00,BROOKLYN PIZZA AND PASTA,C,ROUTINE INSPECTION,EE0000727,9228 W PICO BLVD,LOS ANGELES,FA0011004,CA,90035,OW0017537,JELLY FISH INC,RESTAURANT (31-60) SEATS MODERATE RISK,BROOKLYN PIZZA AND PASTA,INACTIVE,PR0002718
90,1,1632,DAFIHYFQZ,2015-08-21 00:00:00,CALIFORNIA MEXICAN GRILL,A,ROUTINE INSPECTION,EE0000338,11106 W OLYMPIC BLVD,LOS ANGELES,FA0012521,CA,90064,OW0005900,"CAMACHO, OSCAR FLORES",RESTAURANT (0-30) SEATS HIGH RISK,CALIFORNIA MEXICAN GRILL,ACTIVE,PR0034895
88,1,1635,DAHIFMWFU,2018-02-15 00:00:00,UMAMI BURGER,B,ROUTINE INSPECTION,EE0000633,380 WORLD WAY T30,LOS ANGELES,FA0138169,CA,90045,OW0016382,HOST INTERNATIONAL INC,RESTAURANT (31-60) SEATS HIGH RISK,UMAMI BURGER,ACTIVE,PR0122413
72,1,1631,DA54I3KEF,2017-03-01 00:00:00,FRANCOISA BAKERY,C,ROUTINE INSPECTION,EE0000740,1015 S WALL ST STE #117,LOS ANGELES,FA0062283,CA,90015,OW0003214,ASHLIAN INC,RESTAURANT (0-30) SEATS MODERATE RISK,FRANCOISA BAKERY,ACTIVE,PR0042947
90,1,1612,DAMXPYFZT,2016-07-06 00:00:00,RANCHO ZAPOTILLO ( MEAT MARK,A,ROUTINE INSPECTION,EE0000557,3003 WABASH AVE,LOS ANGELES,FA0030028,CA,90063,OW0022194,"LOPEZ, MARICELA","FOOD MKT RETAIL (25-1,999 SF) HIGH RISK",RANCHO ZAPOTILLO ( MEAT MARK,ACTIVE,PR0034266
93,401,1638,DA00H28DI,2016-01-27 00:00:00,LEMONADE,A,OWNER INITIATED ROUTINE INSPECT.,EE0000122,500 WORLD WAY #5A,LOS ANGELES,FA0065653,CA,90045,OW0009036,"CREWS OF CALIFORNIA, INC",RESTAURANT (61-150) SEATS HIGH RISK,LEMONADE,ACTIVE,PR0009104
93,1,1633,DALDTBB1M,2015-09-22 00:00:00,STARBUCKS EVENING,A,ROUTINE INSPECTION,EE0000633,380 WORLD WAY T61,LOS ANGELES,FA0138170,CA,90045,OW0016382,HOST INTERNATIONAL INC,RESTAURANT (31-60) SEATS LOW RISK,STARBUCKS EVENING,ACTIVE,PR0122414
95,401,1635,DAN6Q8560,2018-02-23 00:00:00,UMAMI BURGER,A,OWNER INITIATED ROUTINE INSPECT.,EE0000633,380 WORLD WAY T30,LOS ANGELES,FA0138169,CA,90045,OW0016382,HOST INTERNATIONAL INC,RESTAURANT (31-60) SEATS HIGH RISK,UMAMI BURGER,ACTIVE,PR0122413
86,1,1632,DA3YKNNH7,2016-06-20 00:00:00,KAJU UDON,B,ROUTINE INSPECTION,EE0000722,4317 W BEVERLY BLVD,LOS ANGELES,FA0019591,CA,90004,OW0004583,BEVERLY WORLD INDUSTRIES INC,RESTAURANT (0-30) SEATS HIGH RISK,KAJU UDON,INACTIVE,PR0011187
73,1,1635,DA0D3CGLI,2016-03-02 00:00:00,SIMPLE,C,ROUTINE INSPECTION,EE0000531,3208 W 8TH ST,LOS ANGELES,FA0048564,CA,90005,OW0017622,"JIA ZEN, INC.",RESTAURANT (31-60) SEATS HIGH RISK,SIMPLE,ACTIVE,PR0006446
90,1,1632,DAWVLBRHF,2016-01-13 00:00:00,CHINESE HOUSE HAOCHI,A,ROUTINE INSPECTION,EE0000699,3280 W 6TH ST,LOS ANGELES,FA0014861,CA,90020,OW0021348,"LEE, SANG WOO",RESTAURANT (0-30) SEATS HIGH RISK,CHINESE HOUSE HAOCHI,ACTIVE,PR0005242
73,1,1632,DAH0MH5XB,2015-08-31 00:00:00,KAJU UDON,C,ROUTINE INSPECTION,EE0000722,4317 W BEVERLY BLVD,LOS ANGELES,FA0019591,CA,90004,OW0004583,BEVERLY WORLD INDUSTRIES INC,RESTAURANT (0-30) SEATS HIGH RISK,KAJU UDON,INACTIVE,PR0011187
92,1,1612,DAEM5UXPI,2017-04-20 00:00:00,CARNICERIA LA OAXAQUENA,A,ROUTINE INSPECTION,EE0000854,3307 W PICO BLVD,LOS ANGELES,FA0137536,CA,90019,OW0006224,"CARNICERIA LA OAXAQUENA, INC","FOOD MKT RETAIL (25-1,999 SF) HIGH RISK",,ACTIVE,PR0121637
90,1,1634,DAFIH0P7K,2018-03-29 00:00:00,CAFE SPOT,A,ROUTINE INSPECTION,EE0000699,3324 W 6TH ST # C,LOS ANGELES,FA0006958,CA,90020,OW0036616,"TS INVESTMENTS, INC",RESTAURANT (31-60) SEATS MODERATE RISK,CAFE SPOT,ACTIVE,PR0004050
92,401,1632,DACZN1UZN,2018-03-29 00:00:00,FLOR BLANCA,A,OWNER INITIATED ROUTINE INSPECT.,EE0001026,4400 S BROADWAY,LOS ANGELES,FA0062132,CA,90037,OW0037114,"VALDIVIA, EDWIN",RESTAURANT (0-30) SEATS HIGH RISK,FLOR BLANCA,ACTIVE,PR0027778
70,1,1638,DA6O80PTP,2017-03-16 00:00:00,THE TALPA,C,ROUTINE INSPECTION,EE0000338,11751 W PICO BLVD,LOS ANGELES,FA0051788,CA,90064,OW0035755,THE TALPA INC,RESTAURANT (61-150) SEATS HIGH RISK,THE TALPA,ACTIVE,PR0003140
91,1,1635,DAX2TKJTU,2016-11-01 00:00:00,ROLLING STONE SPACE 7C,A,ROUTINE INSPECTION,EE0000122,700 WORLD WAY,LOS ANGELES,FA0241558,CA,90045,OW0016382,HOST INTERNATIONAL INC,RESTAURANT (31-60) SEATS HIGH RISK,ROLLING STONE SPACE 7C,ACTIVE,PR0189681
91,1,1632,DAU4Y7OQP,2017-06-14 00:00:00,SUNSET EXPRESS,A,ROUTINE INSPECTION,EE0000846,5070 W SUNSET BLVD,LOS ANGELES,FA0177549,CA,90027,OW0183465,YAM'S INCORPORATED,RESTAURANT (0-30) SEATS HIGH RISK,SUNSET EXPRESS,ACTIVE,PR0170571
92,1,1630,DASVCRV0E,2016-10-28 00:00:00,VANILLA BAKESHOP,A,ROUTINE INSPECTION,EE0000633,380 WORLD WAY T55,LOS ANGELES,FA0138171,CA,90045,OW0016382,HOST INTERNATIONAL INC,RESTAURANT (0-30) SEATS LOW RISK,VANILLA BAKESHOP,ACTIVE,PR0122415
96,1,1632,DALMFZEFU,2017-04-04 00:00:00,THE KITCHEN COUNTER,A,ROUTINE INSPECTION,EE0000122,600 WORLD WAY,LOS ANGELES,FA0241579,CA,90045,OW0016382,HOST INTERNATIONAL INC,RESTAURANT (0-30) SEATS HIGH RISK,THE KITCHEN COUNTER,ACTIVE,PR0189707
82,1,1632,DAQOHWUBI,2018-01-22 00:00:00,PANDA EXPRESS,B,ROUTINE INSPECTION,EE0000122,800 WORLD WAY # A1-16,LOS ANGELES,FA0248502,CA,90045,OW0016382,HOST INTERNATIONAL INC,RESTAURANT (0-30) SEATS HIGH RISK,PANDA EXPRESS,ACTIVE,PR0197162
70,1,1638,DA400F6YP,2017-10-23 00:00:00,EL DIABLO ANTOJITOS MEXICANOS,C,ROUTINE INSPECTION,EE0001026,4501 S ALAMEDA ST,LOS ANGELES,FA0176826,CA,90058,OW0182825,CARVAJAL & BROTHERS RESTAURANT,RESTAURANT (61-150) SEATS HIGH RISK,EL DIABLO ANTOJITOS MEXICANOS,ACTIVE,PR0169739
93,1,1632,DA1QTQRY0,2017-04-18 00:00:00,EL CEMITERO PLOBLANO,A,ROUTINE INSPECTION,EE0000997,510 S LORENA ST,LOS ANGELES,FA0160443,CA,90063-3144,OW0125407,JUAN CARLOS ANTONIO-PELCASTRE,RESTAURANT (0-30) SEATS HIGH RISK,EL CEMITERO PLOBLANO,ACTIVE,PR0148535
81,1,1635,DAY7BF49Z,2016-06-29 00:00:00,NAM WON GOL,B,ROUTINE INSPECTION,EE0000854,3623 W PICO BLVD,LOS ANGELES,FA0067397,CA,90005,OW0006880,"CHAI, CHAN SOON",RESTAURANT (31-60) SEATS HIGH RISK,NAM WON GOL,ACTIVE,PR0041234
80,1,1632,DAVYJTUEV,2017-06-20 00:00:00,CARNICERIA LA OAXAQUENA,B,ROUTINE INSPECTION,EE0000854,3701 W PICO BLVD,LOS ANGELES,FA0013280,CA,90019,OW0006224,"CARNICERIA LA OAXAQUENA, INC",RESTAURANT (0-30) SEATS HIGH RISK,CARNICERIA LA OAXAQUENA,ACTIVE,PR0021738
94,1,1632,DAIEYA00Y,2015-11-25 00:00:00,CHAYA SUSHI,A,ROUTINE INSPECTION,EE0000633,380 WORLD WAY T44,LOS ANGELES,FA0138165,CA,90045,OW0016382,HOST INTERNATIONAL INC,RESTAURANT (0-30) SEATS HIGH RISK,CHAYA SUSHI,ACTIVE,PR0122409
93,1,1632,DA80TUGWP,2016-08-02 00:00:00,LAS PALMITAS FRUIT #4,A,ROUTINE INSPECTION,EE0000557,3691 E 3RD ST,LOS ANGELES,FA0035432,CA,90063,OW0020819,LAS PALMITAS FRESH FRUIT INC.,RESTAURANT (0-30) SEATS HIGH RISK,LAS PALMITAS FRUIT #4,ACTIVE,PR0022233
95,1,1630,DAUH8FDSV,2015-08-06 00:00:00,STARBUCKS COFFEE,A,ROUTINE INSPECTION,EE0000633,100 WORLD WAY,LOS ANGELES,FA0049340,CA,90045,OW0016382,HOST INTERNATIONAL INC,RESTAURANT (0-30) SEATS LOW RISK,STARBUCKS COFFEE,INACTIVE,PR0038894
94,1,1632,DAHLFV4PZ,2016-03-28 00:00:00,DURANGO RESTAURANT,A,ROUTINE INSPECTION,EE0000958,11227 S FIGUEROA ST,LOS ANGELES,FA0061187,CA,90061,OW0022845,"MAGDALENO, RAFAEL",RESTAURANT (0-30) SEATS HIGH RISK,DURANGO RESTAURANT,ACTIVE,PR0008919
91,1,1635,DAVQKK25F,2017-08-23 00:00:00,FOOD HAUS CAFE,A,ROUTINE INSPECTION,EE0000721,2106 S OLIVE ST,LOS ANGELES,FA0159984,CA,90007,OW0124972,FOOD HAUS CAFE INC,RESTAURANT (31-60) SEATS HIGH RISK,FOOD HAUS CAFE,ACTIVE,PR0148065
95,1,1631,DABL1HREO,2017-03-23 00:00:00,NATIONAL BAKING CO,A,ROUTINE INSPECTION,EE0000884,2661 W PICO BLVD,LOS ANGELES,FA0026093,CA,90006,OW0036168,TON SONNY,RESTAURANT (0-30) SEATS MODERATE RISK,NATIONAL BAKING CO,ACTIVE,PR0019661
77,1,1632,DAE6M32LL,2018-03-01 00:00:00,CHAYA SUSHI,C,ROUTINE INSPECTION,EE0000633,380 WORLD WAY T44,LOS ANGELES,FA0138165,CA,90045,OW0016382,HOST INTERNATIONAL INC,RESTAURANT (0-30) SEATS HIGH RISK,CHAYA SUSHI,ACTIVE,PR0122409
74,1,1612,DAIA7KS01,2017-02-28 00:00:00,SLAUSON FISH MARKET,C,ROUTINE INSPECTION,EE0000729,3420 W SLAUSON AVE STE H,LOS ANGELES,FA0046732,CA,90043,OW0017620,"JI, KIL HO","FOOD MKT RETAIL (25-1,999 SF) HIGH RISK",SLAUSON FISH MARKET,INACTIVE,PR0024863
92,1,1638,DA70T93XF,2016-01-27 00:00:00,SAMOSA HOUSE,A,ROUTINE INSPECTION,EE0000733,11510 W WASHINGTON BLVD,LOS ANGELES,FA0046826,CA,90066,OW0035737,THE SPICES BOX INC,RESTAURANT (61-150) SEATS HIGH RISK,SAMOSA HOUSE RESTAURANT,ACTIVE,PR0119863
81,1,1631,DAPVLLCVA,2016-05-31 00:00:00,EL OAXAQUENO BAKERY,B,ROUTINE INSPECTION,EE0000997,509 S INDIANA ST,LOS ANGELES,FA0003256,CA,90063,OW0009131,"CRUZ-MARTINEZ, FRANCISCO",RESTAURANT (0-30) SEATS MODERATE RISK,EL OAXAQUENO BAKERY,ACTIVE,PR0010405
90,1,1611,DAUWDOVE8,2016-01-27 00:00:00,ESTRADA AND SONS PRODUCE,A,ROUTINE INSPECTION,EE0001049,751 S KERN AVE,LOS ANGELES,FA0022165,CA,90022,OW0026173,"NOIASCO, VICTOR","FOOD MKT RETAIL (25-1,999 SF) MODERATE RISK",ESTRADA AND SONS PRODUCE,ACTIVE,PR0020847
92,1,1632,DA7MAGEN5,2017-11-02 00:00:00,PA ORD NOODLE,A,ROUTINE INSPECTION,EE0000835,7075 W SUNSET BLVD,LOS ANGELES,FA0163712,CA,90028,OW0127268,YOOTTHANA BAMRUNGKHET,RESTAURANT (0-30) SEATS HIGH RISK,PA ORD NOODLE,ACTIVE,PR0151942
86,1,1635,DAXKGD5LO,2015-08-19 00:00:00,A B C EXPRESS,B,ROUTINE INSPECTION,EE0000723,1822 W 7TH ST,LOS ANGELES,FA0056952,CA,90057,OW0039478,YAM'S INCORPORATED,RESTAURANT (31-60) SEATS HIGH RISK,A B C EXPRESS,ACTIVE,PR0000547
79,1,1632,DAH0YPY4N,2017-03-29 00:00:00,AUTENTICO SABOR CASERO,C,ROUTINE INSPECTION,EE0001064,7526 S HOOVER ST,LOS ANGELES,FA0023832,CA,90044,OW0100239,"GARDUNO, ROBERTO ROJAS",RESTAURANT (0-30) SEATS HIGH RISK,AUTENTICO SABOR CASERO,ACTIVE,PR0031796
75,1,1632,DAHNK45RA,2017-06-29 00:00:00,TACOS GALAN,C,ROUTINE INSPECTION,EE0001025,6707 S BROADWAY,LOS ANGELES,FA0244120,CA,90003-1844,OW0239348,GENDRI AUGUSTO GALEN CASTELLON,RESTAURANT (0-30) SEATS HIGH RISK,TACOS GALAN,ACTIVE,PR0192387
91,1,1632,DAH0S8L1Z,2016-03-16 00:00:00,MARISCOS EL DIABLO,A,ROUTINE INSPECTION,EE0001026,4501 S ALAMEDA ST # W-11,LOS ANGELES,FA0176829,CA,90058,OW0182825,CARVAJAL & BROTHERS RESTAURANT,RESTAURANT (0-30) SEATS HIGH RISK,MARISCOS EL DIABLO,ACTIVE,PR0169742
90,1,1634,DAJ6DGZIM,2015-09-10 00:00:00,SILVER LAKE JUICE BAR,A,ROUTINE INSPECTION,EE0000923,2813 W SUNSET BLVD,LOS ANGELES,FA0048476,CA,90026,OW0017618,"JI, BABA",RESTAURANT (31-60) SEATS MODERATE RISK,SILVER LAKE JUICE BAR,INACTIVE,PR0015112
95,1,1634,DAIWV7QJS,2015-08-12 00:00:00,KLATCH COFFEE,A,ROUTINE INSPECTION,EE0000122,700 WORLD WAY # T7J,LOS ANGELES,FA0064886,CA,90045,OW0009036,"CREWS OF CALIFORNIA, INC",RESTAURANT (31-60) SEATS MODERATE RISK,KLATCH COFFEE,ACTIVE,PR0013339
84,1,1641,DAX0ZHMK5,2016-04-27 00:00:00,HABIBI CAFE & LOUNGE,B,ROUTINE INSPECTION,EE0000911,923 BROXTON AVE,LOS ANGELES,FA0027255,CA,90024,OW0011675,FATHI SAAD,RESTAURANT (151 + ) SEATS HIGH RISK,HABIBI CAFE & LOUNGE,ACTIVE,PR0012092
100,1,1630,DABOMTVP9,2017-11-30 00:00:00,SAKURA RESTAURANT WAREHOUSE,A,ROUTINE INSPECTION,EE0000953,4543 S CENTINELA AVE,LOS ANGELES,FA0047373,CA,90066,OW0036339,"TOYA, JANIS",RESTAURANT (0-30) SEATS LOW RISK,SAKURA RESTAURANT WAREHOUSE,ACTIVE,PR0005284
100,1,1632,DA7HKLCP1,2017-10-11 00:00:00,LOS POBLANOS RESTAURANTE,A,ROUTINE INSPECTION,EE0000800,1433 W JEFFERSON BLVD,LOS ANGELES,FA0035885,CA,90018,OW0037663,VICTORINO TEYUCA,RESTAURANT (0-30) SEATS HIGH RISK,LOS POBLANOS RESTAURANTE,ACTIVE,PR0039400
100,1,1638,DAZ3C0FNA,2017-05-26 00:00:00,DENNY'S RESTAURANT #7757,A,ROUTINE INSPECTION,EE0000798,3740 CRENSHAW BLVD,LOS ANGELES,FA0060787,CA,90016,OW0007968,CHUKA FOODS,RESTAURANT (61-150) SEATS HIGH RISK,DENNY'S RESTAURANT #7757,ACTIVE,PR0003421
100,1,1632,DAW6X9WHB,2017-05-17 00:00:00,PANDA CHINESE RESTAURANT,A,ROUTINE INSPECTION,EE0000798,4032 S WESTERN AVE,LOS ANGELES,FA0068234,CA,90062,OW0018189,K & D CHINESE FAST FOOD INC,RESTAURANT (0-30) SEATS HIGH RISK,PANDA CHINESE RESTAURANT,ACTIVE,PR0017135
100,1,1635,DA0845321,2017-05-05 00:00:00,ELYSIAN RESTAURANT,A,ROUTINE INSPECTION,EE0000523,2806 CLEARWATER ST,LOS ANGELES,FA0158891,CA,90039,OW0123938,ELYSIAN LLC,RESTAURANT (31-60) SEATS HIGH RISK,ELYSIAN RESTAURANT,ACTIVE,PR0146971
100,1,1633,DA0769732,2017-02-01 00:00:00,CANCUN RESTAURANT,A,ROUTINE INSPECTION,EE0000950,5219 E BEVERLY BLVD,LOS ANGELES,FA0012815,CA,90022,OW0028703,MARGARITA R. PLATON,RESTAURANT (31-60) SEATS LOW RISK,CANCUN RESTAURANT,ACTIVE,PR0022877
100,1,1632,DABIFI10F,2016-12-14 00:00:00,PANDA CHINESE RESTAURANT,A,ROUTINE INSPECTION,EE0000798,4032 S WESTERN AVE,LOS ANGELES,FA0068234,CA,90062,OW0018189,K & D CHINESE FAST FOOD INC,RESTAURANT (0-30) SEATS HIGH RISK,PANDA CHINESE RESTAURANT,ACTIVE,PR0017135
100,1,1632,DA0732819,2016-12-11 00:00:00,NENA RESTAURANT,A,ROUTINE INSPECTION,EE0001026,1804 E VERNON AVE # D-51,LOS ANGELES,FA0067478,CA,90058,OW0026545,MARIA E. OCHOA,RESTAURANT (0-30) SEATS HIGH RISK,NENA RESTAURANT,ACTIVE,PR0022857
100,1,1632,DAH1UVE0U,2016-12-01 00:00:00,B.L. RESTAURANT,A,ROUTINE INSPECTION,EE0000721,617 W 7TH ST,LOS ANGELES,FA0164787,CA,90017,OW0128102,BHFC OPERATING LLC,RESTAURANT (0-30) SEATS HIGH RISK,B.L. RESTAURANT,ACTIVE,PR0153075
100,1,1632,DAJXS1KG0,2016-11-03 00:00:00,LA FUENTE RESTAURANT,A,ROUTINE INSPECTION,EE0000923,5530 MONTE VISTA ST,LOS ANGELES,FA0020855,CA,90042,OW0031788,"SAPIEN,JOSE A V&MARTHA M DBA",RESTAURANT (0-30) SEATS HIGH RISK,LA FUENTE RESTAURANT,ACTIVE,PR0011374
100,1,1638,DA1SSC6PA,2016-11-02 00:00:00,LOS ARCOS RESTAURANT,A,ROUTINE INSPECTION,EE0000950,5719 E WHITTIER BLVD,LOS ANGELES,FA0065926,CA,90022,OW0004107,"BAUTISTA, ADOLFO",RESTAURANT (61-150) SEATS HIGH RISK,LOS ARCOS RESTAURANT,ACTIVE,PR0016276
100,1,1641,DAJH28NYZ,2016-09-16 00:00:00,LEONARDO'S RESTAURANT,A,ROUTINE INSPECTION,EE0000799,6611 S ALAMEDA ST,LOS ANGELES,FA0035989,CA,90001,OW0022181,"LOPEZ, LEONARDO M",RESTAURANT (151 + ) SEATS HIGH RISK,LEONARDO'S RESTAURANT,ACTIVE,PR0005399
100,1,1638,DASRZSMLG,2016-08-26 00:00:00,TEXIS RESTAURANT AND ENTERTAINMENT,A,ROUTINE INSPECTION,EE0000884,2815 W PICO BLVD,LOS ANGELES,FA0036834,CA,90006,OW0035347,TEXIS RESTAURANTS INC,RESTAURANT (61-150) SEATS HIGH RISK,TEXIS RESTAURANT AND ENTERTAINMENT,ACTIVE,PR0044767
100,1,1632,DASIBGFOE,2016-08-02 00:00:00,PANDA CHINESE RESTAURANT,A,ROUTINE INSPECTION,EE0000798,4032 S WESTERN AVE,LOS ANGELES,FA0068234,CA,90062,OW0018189,K & D CHINESE FAST FOOD INC,RESTAURANT (0-30) SEATS HIGH RISK,PANDA CHINESE RESTAURANT,ACTIVE,PR0017135
100,1,1633,DAFTLRTAR,2016-06-21 00:00:00,SAKURA RESTAURANT WAREHOUSE,A,ROUTINE INSPECTION,EE0000953,4543 S CENTINELA AVE,LOS ANGELES,FA0047373,CA,90066,OW0036339,"TOYA, JANIS",RESTAURANT (31-60) SEATS LOW RISK,SAKURA RESTAURANT WAREHOUSE,ACTIVE,PR0005284
100,1,1638,DA0577007,2016-05-23 00:00:00,LOS ARCOS RESTAURANT,A,ROUTINE INSPECTION,EE0000950,5719 E WHITTIER BLVD,LOS ANGELES,FA0065926,CA,90022,OW0004107,"BAUTISTA, ADOLFO",RESTAURANT (61-150) SEATS HIGH RISK,LOS ARCOS RESTAURANT,ACTIVE,PR0016276
100,1,1641,DAAJCZABH,2016-03-04 00:00:00,LEONARDO'S RESTAURANT,A,ROUTINE INSPECTION,EE0000799,6611 S ALAMEDA ST,LOS ANGELES,FA0035989,CA,90001,OW0022181,"LOPEZ, LEONARDO M",RESTAURANT (151 + ) SEATS HIGH RISK,LEONARDO'S RESTAURANT,ACTIVE,PR0005399
100,1,1632,DAXJ63WHI,2016-02-25 00:00:00,PANDA CHINESE RESTAURANT,A,ROUTINE INSPECTION,EE0000798,4032 S WESTERN AVE,LOS ANGELES,FA0068234,CA,90062,OW0018189,K & D CHINESE FAST FOOD INC,RESTAURANT (0-30) SEATS HIGH RISK,PANDA CHINESE RESTAURANT,ACTIVE,PR0017135
100,1,1610,DAAULA3KB,2016-02-03 00:00:00,D'LIDO RESTAURANT AND BAKERY,A,ROUTINE INSPECTION,EE0000140,1147 W WASHINGTON BLVD,LOS ANGELES,FA0142882,CA,90015-3315,OW0106042,GALDAZA FOOD CORPORATION,"FOOD MKT RETAIL (25-1,999 SF) LOW RISK",D'LIDO RESTAURANT AND BAKERY,ACTIVE,PR0127024
100,1,1641,DAJO7NNFI,2015-09-11 00:00:00,LEONARDO'S RESTAURANT,A,ROUTINE INSPECTION,EE0000799,6611 S ALAMEDA ST,LOS ANGELES,FA0035989,CA,90001,OW0022181,"LOPEZ, LEONARDO M",RESTAURANT (151 + ) SEATS HIGH RISK,LEONARDO'S RESTAURANT,ACTIVE,PR0005399
100,1,1632,DAIARSDMB,2018-03-16 00:00:00,EARLES RESTAURANT,A,ROUTINE INSPECTION,EE0000798,3864 CRENSHAW BLVD,LOS ANGELES,FA0224049,CA,90008-1821,OW0228618,"EARLE'S RESTAURANT,LLC",RESTAURANT (0-30) SEATS HIGH RISK,EARLES RESTAURANT,ACTIVE,PR0179214
91,1,1631,DASOOMFR0,2017-12-19 00:00:00,QWENCH 9TH AND FLOWER,A,ROUTINE INSPECTION,EE0000721,645 W 9TH ST STE 109,LOS ANGELES,FA0030823,CA,90017,OW0000115,"110 SUNSHINE SMOOTHIES, INC",RESTAURANT (0-30) SEATS MODERATE RISK,QWENCH 9TH AND FLOWER,ACTIVE,PR0009626
93,1,1635,DANB2YKB2,2017-11-08 00:00:00,MORI SUSHI,A,ROUTINE INSPECTION,EE0000338,11500 W PICO BLVD,LOS ANGELES,FA0041542,CA,90064,OW0030832,ROUND 3 INC.,RESTAURANT (31-60) SEATS HIGH RISK,MORI SUSHI,ACTIVE,PR0011252
94,1,1632,DAZGWLYF2,2017-10-18 00:00:00,PUPUSERIA Y RESTAURANTE SIHUATEHUACAN,A,ROUTINE INSPECTION,EE0001026,4614 AVALON BLVD,LOS ANGELES,FA0243197,CA,90011,OW0129457,OSWALDO A RAMON RENDEROS,RESTAURANT (0-30) SEATS HIGH RISK,PUPUSERIA Y RESTAURANTE SIHUATEHUACAN,ACTIVE,PR0191418
80,1,1641,DA88LNBWP,2017-08-30 00:00:00,ANTONIO'S,B,ROUTINE INSPECTION,EE0000951,7470 MELROSE AVE,LOS ANGELES,FA0006521,CA,90046,OW0003489,AXY ENTERPRISES,RESTAURANT (151 + ) SEATS HIGH RISK,ANTONIO'S,ACTIVE,PR0010215
91,1,1631,DABPFK0H0,2017-08-30 00:00:00,QWENCH JUICE BAR,A,ROUTINE INSPECTION,EE0001058,201 N LOS ANGELES ST STE 24,LOS ANGELES,FA0030822,CA,90012,OW0000115,"110 SUNSHINE SMOOTHIES, INC",RESTAURANT (0-30) SEATS MODERATE RISK,QWENCH JUICE BAR,ACTIVE,PR0019841
93,1,1631,DAQGI300N,2017-08-29 00:00:00,DRINK / QUENCH HOLLYWOOD,A,ROUTINE INSPECTION,EE0000835,6848 W SUNSET BLVD,LOS ANGELES,FA0030817,CA,90028,OW0000115,"110 SUNSHINE SMOOTHIES, INC",RESTAURANT (0-30) SEATS MODERATE RISK,DRINK / QUENCH HOLLYWOOD,ACTIVE,PR0010536
97,1,1632,DACWAFY77,2017-08-28 00:00:00,TAMALES ALBERTO,A,ROUTINE INSPECTION,EE0000723,1644 W TEMPLE ST,LOS ANGELES,FA0071840,CA,90026,OW0024088,MEJIA FRANCISCO,RESTAURANT (0-30) SEATS HIGH RISK,TAMALES ALBERTO,ACTIVE,PR0046859
93,1,1631,DAUV5NCL1,2017-08-17 00:00:00,ROBEKS JUICE,A,ROUTINE INSPECTION,EE0000846,1915 N HILLHURST AVE,LOS ANGELES,FA0046628,CA,90027,OW0000118,"110 SUNSHINE SMOOTHIES, INC.",RESTAURANT (0-30) SEATS MODERATE RISK,ROBEKS JUICE,ACTIVE,PR0012195
90,1,1631,DATAXREPB,2017-08-14 00:00:00,DRINK COFFEE + TEA,A,ROUTINE INSPECTION,EE0000904,1528 N VERMONT AVE # #C,LOS ANGELES,FA0030543,CA,90027,OW0000117,"110 SUNSHINE SMOOTHIES, INC.",RESTAURANT (0-30) SEATS MODERATE RISK,DRINK COFFEE + TEA,ACTIVE,PR0025522
74,1,1631,DABYSXA7N,2017-08-08 00:00:00,PRESTO DELI,C,ROUTINE INSPECTION,EE0000684,1849 SAWTELLE BLVD,LOS ANGELES,FA0045117,CA,90025,OW0013793,GOODWIN TYRONE,RESTAURANT (0-30) SEATS MODERATE RISK,PRESTO DELI,ACTIVE,PR0023493
97,401,1632,DAFQAA2NG,2017-07-17 00:00:00,PUPUSERIA Y RESTAURANTE SIHUATEHUACAN,A,OWNER INITIATED ROUTINE INSPECT.,EE0001026,4614 AVALON BLVD,LOS ANGELES,FA0243197,CA,90011,OW0129457,OSWALDO A RAMON RENDEROS,RESTAURANT (0-30) SEATS HIGH RISK,PUPUSERIA Y RESTAURANTE SIHUATEHUACAN,ACTIVE,PR0191418
72,1,1632,DA6CKZ2E6,2017-06-28 00:00:00,PUPUSERIA Y RESTAURANTE SIHUATEHUACAN,C,ROUTINE INSPECTION,EE0001026,4614 AVALON BLVD,LOS ANGELES,FA0243197,CA,90011,OW0129457,OSWALDO A RAMON RENDEROS,RESTAURANT (0-30) SEATS HIGH RISK,PUPUSERIA Y RESTAURANTE SIHUATEHUACAN,ACTIVE,PR0191418
91,1,1631,DAM23880D,2017-06-20 00:00:00,QWENCH 9TH AND FLOWER,A,ROUTINE INSPECTION,EE0000721,645 W 9TH ST STE 109,LOS ANGELES,FA0030823,CA,90017,OW0000115,"110 SUNSHINE SMOOTHIES, INC",RESTAURANT (0-30) SEATS MODERATE RISK,QWENCH 9TH AND FLOWER,ACTIVE,PR0009626
91,1,1631,DANL8WRBT,2017-06-15 00:00:00,QWENCH JUICE BAR,A,ROUTINE INSPECTION,EE0001058,201 N LOS ANGELES ST STE 24,LOS ANGELES,FA0030822,CA,90012,OW0000115,"110 SUNSHINE SMOOTHIES, INC",RESTAURANT (0-30) SEATS MODERATE RISK,QWENCH JUICE BAR,ACTIVE,PR0019841
95,401,1635,DAIH6JMMK,2017-06-01 00:00:00,MORI SUSHI,A,OWNER INITIATED ROUTINE INSPECT.,EE0000338,11500 W PICO BLVD,LOS ANGELES,FA0041542,CA,90064,OW0030832,ROUND 3 INC.,RESTAURANT (31-60) SEATS HIGH RISK,MORI SUSHI,ACTIVE,PR0011252
81,1,1635,DAVYQRZ1T,2017-05-24 00:00:00,MORI SUSHI,B,ROUTINE INSPECTION,EE0000338,11500 W PICO BLVD,LOS ANGELES,FA0041542,CA,90064,OW0030832,ROUND 3 INC.,RESTAURANT (31-60) SEATS HIGH RISK,MORI SUSHI,ACTIVE,PR0011252
96,1,1641,DA0C33HXK,2017-05-10 00:00:00,ANTONIO'S,A,ROUTINE INSPECTION,EE0000951,7470 MELROSE AVE,LOS ANGELES,FA0006521,CA,90046,OW0003489,AXY ENTERPRISES,RESTAURANT (151 + ) SEATS HIGH RISK,ANTONIO'S,ACTIVE,PR0010215
96,1,1632,DABI5LBZS,2017-03-30 00:00:00,TAMALES ALBERTO,A,ROUTINE INSPECTION,EE0000723,1644 W TEMPLE ST,LOS ANGELES,FA0071840,CA,90026,OW0024088,MEJIA FRANCISCO,RESTAURANT (0-30) SEATS HIGH RISK,TAMALES ALBERTO,ACTIVE,PR0046859
96,1,1631,DAUPP40X6,2017-03-13 00:00:00,DRINK COFFEE + TEA,A,ROUTINE INSPECTION,EE0000904,1528 N VERMONT AVE # #C,LOS ANGELES,FA0030543,CA,90027,OW0000117,"110 SUNSHINE SMOOTHIES, INC.",RESTAURANT (0-30) SEATS MODERATE RISK,DRINK COFFEE + TEA,ACTIVE,PR0025522
96,1,1632,DA60MQKGF,2017-03-08 00:00:00,PUPUSERIA Y RESTAURANTE SIHUATEHUACAN,A,ROUTINE INSPECTION,EE0001026,4614 AVALON BLVD,LOS ANGELES,FA0243197,CA,90011,OW0129457,OSWALDO A RAMON RENDEROS,RESTAURANT (0-30) SEATS HIGH RISK,PUPUSERIA Y RESTAURANTE SIHUATEHUACAN,ACTIVE,PR0191418
91,1,1631,DABLXRQU0,2017-01-17 00:00:00,DRINK / QUENCH HOLLYWOOD,A,ROUTINE INSPECTION,EE0000835,6848 W SUNSET BLVD,LOS ANGELES,FA0030817,CA,90028,OW0000115,"110 SUNSHINE SMOOTHIES, INC",RESTAURANT (0-30) SEATS MODERATE RISK,DRINK / QUENCH HOLLYWOOD,ACTIVE,PR0010536
91,1,1631,DAKZPJLCG,2017-01-05 00:00:00,ROBEKS JUICE,A,ROUTINE INSPECTION,EE0000846,1915 N HILLHURST AVE,LOS ANGELES,FA0046628,CA,90027,OW0000118,"110 SUNSHINE SMOOTHIES, INC.",RESTAURANT (0-30) SEATS MODERATE RISK,ROBEKS JUICE,ACTIVE,PR0012195
94,1,1635,DAI8RDF4U,2016-12-20 00:00:00,MORI SUSHI,A,ROUTINE INSPECTION,EE0000338,11500 W PICO BLVD,LOS ANGELES,FA0041542,CA,90064,OW0030832,ROUND 3 INC.,RESTAURANT (31-60) SEATS HIGH RISK,MORI SUSHI,ACTIVE,PR0011252
94,401,1632,DAQOWJIPJ,2016-11-22 00:00:00,TAMALES ALBERTO,A,OWNER INITIATED ROUTINE INSPECT.,EE0000723,1644 W TEMPLE ST,LOS ANGELES,FA0071840,CA,90026,OW0024088,MEJIA FRANCISCO,RESTAURANT (0-30) SEATS HIGH RISK,TAMALES ALBERTO,ACTIVE,PR0046859
80,1,1632,DAMFJDDZA,2016-11-01 00:00:00,TAMALES ALBERTO,B,ROUTINE INSPECTION,EE0000723,1644 W TEMPLE ST,LOS ANGELES,FA0071840,CA,90026,OW0024088,MEJIA FRANCISCO,RESTAURANT (0-30) SEATS HIGH RISK,TAMALES ALBERTO,ACTIVE,PR0046859
95,1,1631,DAGYLIWEK,2016-10-26 00:00:00,DRINK COFFEE + TEA,A,ROUTINE INSPECTION,EE0000904,1528 N VERMONT AVE # #C,LOS ANGELES,FA0030543,CA,90027,OW0000117,"110 SUNSHINE SMOOTHIES, INC.",RESTAURANT (0-30) SEATS MODERATE RISK,DRINK COFFEE + TEA,ACTIVE,PR0025522
92,1,1631,DATTZ9T0O,2016-09-14 00:00:00,DRINK / QUENCH HOLLYWOOD,A,ROUTINE INSPECTION,EE0000835,6848 W SUNSET BLVD,LOS ANGELES,FA0030817,CA,90028,OW0000115,"110 SUNSHINE SMOOTHIES, INC",RESTAURANT (0-30) SEATS MODERATE RISK,DRINK / QUENCH HOLLYWOOD,ACTIVE,PR0010536
94,1,1631,DAR0DMVDD,2016-09-06 00:00:00,PRESTO DELI,A,ROUTINE INSPECTION,EE0000684,1849 SAWTELLE BLVD,LOS ANGELES,FA0045117,CA,90025,OW0013793,GOODWIN TYRONE,RESTAURANT (0-30) SEATS MODERATE RISK,PRESTO DELI,ACTIVE,PR0023493
90,1,1631,DAEW8QXGO,2016-09-06 00:00:00,QWENCH JUICE BAR,A,ROUTINE INSPECTION,EE0001058,201 N LOS ANGELES ST STE 24,LOS ANGELES,FA0030822,CA,90012,OW0000115,"110 SUNSHINE SMOOTHIES, INC",RESTAURANT (0-30) SEATS MODERATE RISK,QWENCH JUICE BAR,ACTIVE,PR0019841
94,1,1631,DA5DIACYB,2016-08-09 00:00:00,ROBEKS JUICE,A,ROUTINE INSPECTION,EE0000846,1915 N HILLHURST AVE,LOS ANGELES,FA0046628,CA,90027,OW0000118,"110 SUNSHINE SMOOTHIES, INC.",RESTAURANT (0-30) SEATS MODERATE RISK,ROBEKS JUICE,ACTIVE,PR0012195
100,1,1631,DAAQTSLZ3,2016-07-28 00:00:00,PRESTO DELI,A,ROUTINE INSPECTION,EE0000684,1849 SAWTELLE BLVD,LOS ANGELES,FA0045117,CA,90025,OW0013793,GOODWIN TYRONE,RESTAURANT (0-30) SEATS MODERATE RISK,PRESTO DELI,ACTIVE,PR0023493
96,1,1641,DAWSI8PVN,2016-07-20 00:00:00,ANTONIO'S,A,ROUTINE INSPECTION,EE0000951,7470 MELROSE AVE,LOS ANGELES,FA0006521,CA,90046,OW0003489,AXY ENTERPRISES,RESTAURANT (151 + ) SEATS HIGH RISK,ANTONIO'S,ACTIVE,PR0010215
96,1,1631,DAG33AVM1,2016-06-22 00:00:00,DRINK COFFEE + TEA,A,ROUTINE INSPECTION,EE0000904,1528 N VERMONT AVE # #C,LOS ANGELES,FA0030543,CA,90027,OW0000117,"110 SUNSHINE SMOOTHIES, INC.",RESTAURANT (0-30) SEATS MODERATE RISK,DRINK COFFEE + TEA,ACTIVE,PR0025522
92,1,1631,DAE3RRY9A,2016-05-26 00:00:00,QWENCH JUICE BAR,A,ROUTINE INSPECTION,EE0001058,201 N LOS ANGELES ST STE 24,LOS ANGELES,FA0030822,CA,90012,OW0000115,"110 SUNSHINE SMOOTHIES, INC",RESTAURANT (0-30) SEATS MODERATE RISK,QWENCH JUICE BAR,ACTIVE,PR0019841
92,1,1631,DAR9KZGD0,2016-05-17 00:00:00,DRINK / QUENCH HOLLYWOOD,A,ROUTINE INSPECTION,EE0000835,6848 W SUNSET BLVD,LOS ANGELES,FA0030817,CA,90028,OW0000115,"110 SUNSHINE SMOOTHIES, INC",RESTAURANT (0-30) SEATS MODERATE RISK,DRINK / QUENCH HOLLYWOOD,ACTIVE,PR0010536
96,1,1631,DA7KOFONX,2016-05-02 00:00:00,QWENCH 9TH AND FLOWER,A,ROUTINE INSPECTION,EE0000721,645 W 9TH ST STE 109,LOS ANGELES,FA0030823,CA,90017,OW0000115,"110 SUNSHINE SMOOTHIES, INC",RESTAURANT (0-30) SEATS MODERATE RISK,QWENCH 9TH AND FLOWER,ACTIVE,PR0009626
96,1,1632,DAIBRNJ20,2016-04-27 00:00:00,TAMALES ALBERTO,A,ROUTINE INSPECTION,EE0000723,1644 W TEMPLE ST,LOS ANGELES,FA0071840,CA,90026,OW0024088,MEJIA FRANCISCO,RESTAURANT (0-30) SEATS HIGH RISK,TAMALES ALBERTO,ACTIVE,PR0046859
96,1,1631,DA3R3MB62,2016-02-19 00:00:00,ROBEKS JUICE,A,ROUTINE INSPECTION,EE0000846,1915 N HILLHURST AVE,LOS ANGELES,FA0046628,CA,90027,OW0000118,"110 SUNSHINE SMOOTHIES, INC.",RESTAURANT (0-30) SEATS MODERATE RISK,ROBEKS JUICE,ACTIVE,PR0012195
98,1,1631,DAKQUES0B,2016-02-18 00:00:00,PRESTO DELI,A,ROUTINE INSPECTION,EE0000684,1849 SAWTELLE BLVD,LOS ANGELES,FA0045117,CA,90025,OW0013793,GOODWIN TYRONE,RESTAURANT (0-30) SEATS MODERATE RISK,PRESTO DELI,ACTIVE,PR0023493
92,1,1635,DAEGYWYGY,2016-02-11 00:00:00,MORI SUSHI,A,ROUTINE INSPECTION,EE0000338,11500 W PICO BLVD,LOS ANGELES,FA0041542,CA,90064,OW0030832,ROUND 3 INC.,RESTAURANT (31-60) SEATS HIGH RISK,MORI SUSHI,ACTIVE,PR0011252
95,1,1632,DAMEV4NQC,2016-01-27 00:00:00,TAMALES ALBERTO,A,ROUTINE INSPECTION,EE0000723,1644 W TEMPLE ST,LOS ANGELES,FA0071840,CA,90026,OW0024088,MEJIA FRANCISCO,RESTAURANT (0-30) SEATS HIGH RISK,TAMALES ALBERTO,ACTIVE,PR0046859
93,1,1641,DAW1GYHHK,2016-01-26 00:00:00,ANTONIO'S,A,ROUTINE INSPECTION,EE0000951,7470 MELROSE AVE,LOS ANGELES,FA0006521,CA,90046,OW0003489,AXY ENTERPRISES,RESTAURANT (151 + ) SEATS HIGH RISK,ANTONIO'S,ACTIVE,PR0010215
90,1,1631,DAEKV3JM5,2016-01-22 00:00:00,DRINK / QUENCH HOLLYWOOD,A,ROUTINE INSPECTION,EE0000835,6848 W SUNSET BLVD,LOS ANGELES,FA0030817,CA,90028,OW0000115,"110 SUNSHINE SMOOTHIES, INC",RESTAURANT (0-30) SEATS MODERATE RISK,DRINK / QUENCH HOLLYWOOD,ACTIVE,PR0010536
91,1,1631,DAZWA4CKQ,2015-12-29 00:00:00,DRINK COFFEE + TEA,A,ROUTINE INSPECTION,EE0000904,1528 N VERMONT AVE # #C,LOS ANGELES,FA0030543,CA,90027,OW0000117,"110 SUNSHINE SMOOTHIES, INC.",RESTAURANT (0-30) SEATS MODERATE RISK,DRINK COFFEE + TEA,ACTIVE,PR0025522
97,1,1635,DAC2EVHKT,2015-11-04 00:00:00,MORI SUSHI,A,ROUTINE INSPECTION,EE0000338,11500 W PICO BLVD,LOS ANGELES,FA0041542,CA,90064,OW0030832,ROUND 3 INC.,RESTAURANT (31-60) SEATS HIGH RISK,MORI SUSHI,ACTIVE,PR0011252
94,1,1632,DA9ALHIFH,2015-09-17 00:00:00,TAMALES ALBERTO,A,ROUTINE INSPECTION,EE0000723,1644 W TEMPLE ST,LOS ANGELES,FA0071840,CA,90026,OW0024088,MEJIA FRANCISCO,RESTAURANT (0-30) SEATS HIGH RISK,TAMALES ALBERTO,ACTIVE,PR0046859
92,1,1631,DA9ZVACY9,2015-09-09 00:00:00,QWENCH JUICE BAR,A,ROUTINE INSPECTION,EE0000893,201 N LOS ANGELES ST STE 24,LOS ANGELES,FA0030822,CA,90012,OW0000115,"110 SUNSHINE SMOOTHIES, INC",RESTAURANT (0-30) SEATS MODERATE RISK,QWENCH JUICE BAR,ACTIVE,PR0019841
93,1,1641,DALWMXDGP,2015-09-03 00:00:00,ANTONIO'S,A,ROUTINE INSPECTION,EE0000951,7470 MELROSE AVE,LOS ANGELES,FA0006521,CA,90046,OW0003489,AXY ENTERPRISES,RESTAURANT (151 + ) SEATS HIGH RISK,ANTONIO'S,ACTIVE,PR0010215
95,1,1631,DAM63NTWU,2015-07-28 00:00:00,PRESTO DELI,A,ROUTINE INSPECTION,EE0000684,1849 SAWTELLE BLVD,LOS ANGELES,FA0045117,CA,90025,OW0013793,GOODWIN TYRONE,RESTAURANT (0-30) SEATS MODERATE RISK,PRESTO DELI,ACTIVE,PR0023493
95,1,1631,DACKTZYRG,2015-07-17 00:00:00,ROBEKS JUICE,A,ROUTINE INSPECTION,EE0000718,1915 N HILLHURST AVE,LOS ANGELES,FA0046628,CA,90027,OW0000118,"110 SUNSHINE SMOOTHIES, INC.",RESTAURANT (0-30) SEATS MODERATE RISK,ROBEKS JUICE,ACTIVE,PR0012195
94,1,1631,DAFM1YEPX,2018-03-13 00:00:00,DRINK / QUENCH HOLLYWOOD,A,ROUTINE INSPECTION,EE0000835,6848 W SUNSET BLVD,LOS ANGELES,FA0030817,CA,90028,OW0000115,"110 SUNSHINE SMOOTHIES, INC",RESTAURANT (0-30) SEATS MODERATE RISK,DRINK / QUENCH HOLLYWOOD,ACTIVE,PR0010536
90,1,1631,DAXKTJJXU,2018-02-14 00:00:00,QWENCH JUICE BAR,A,ROUTINE INSPECTION,EE0001058,201 N LOS ANGELES ST STE 24,LOS ANGELES,FA0030822,CA,90012,OW0000115,"110 SUNSHINE SMOOTHIES, INC",RESTAURANT (0-30) SEATS MODERATE RISK,QWENCH JUICE BAR,ACTIVE,PR0019841
97,1,1631,DA7798LO0,2018-01-16 00:00:00,PRESTO DELI,A,ROUTINE INSPECTION,EE0000684,1849 SAWTELLE BLVD,LOS ANGELES,FA0045117,CA,90025,OW0013793,GOODWIN TYRONE,RESTAURANT (0-30) SEATS MODERATE RISK,PRESTO DELI,ACTIVE,PR0023493
97,1,1641,DALAYS0EE,2018-01-10 00:00:00,ANTONIO'S,A,ROUTINE INSPECTION,EE0000951,7470 MELROSE AVE,LOS ANGELES,FA0006521,CA,90046,OW0003489,AXY ENTERPRISES,RESTAURANT (151 + ) SEATS HIGH RISK,ANTONIO'S,ACTIVE,PR0010215
95,1,1631,DAL6AQGIQ,2018-01-05 00:00:00,ROBEKS JUICE,A,ROUTINE INSPECTION,EE0000846,1915 N HILLHURST AVE,LOS ANGELES,FA0046628,CA,90027,OW0000118,"110 SUNSHINE SMOOTHIES, INC.",RESTAURANT (0-30) SEATS MODERATE RISK,ROBEKS JUICE,ACTIVE,PR0012195
